waiting for process 35248 to exit ...
waiting for process 35248 to exit ...

### 23:10:56 START python -u e29k_recognition.py --all
=== E29-K recognition: llama3.2:3b, 96 dialogues x 8 questions ===
  [12/96]
  [24/96]
  [36/96]
  [48/96]
  [60/96]
  [72/96]

### 12:33:12 START python -u e29k_recognition.py --all
=== E29-K recognition: llama3.2:3b, 96 dialogues x 8 questions ===
  [12/96]
  [24/96]
  [36/96]
  [48/96]
  [60/96]
  [72/96]
  [84/96]
  [96/96]
  wrote results/e29k_llama32-3b.csv
=== E29-K recognition: qwen2.5:14b-instruct, 96 dialogues x 8 questions ===
  [12/96]
waiting for process 50536 to exit ...

### 12:48:32 START python -u e29m_fix.py --all
=== E29-M fix: llama3.2:3b, 96 dialogues x 6 prompts = 576 calls ===
  [ 1/96] payments-chain         r0  6 calls
  [ 2/96] payments-chain         r1  6 calls
  [ 3/96] payments-fork          r0  6 calls
  [ 4/96] payments-fork          r1  6 calls
  [ 5/96] payments-join          r0  6 calls
  [ 6/96] payments-join          r1  6 calls
  [ 7/96] payments-join          r3  6 calls
  [ 8/96] payments-diamond       r0  6 calls
  [ 9/96] payments-diamond       r1  6 calls
  [10/96] payments-diamond       r3  6 calls
  [11/96] payments-twochain      r0  6 calls
  [12/96] payments-twochain      r1  6 calls
  [13/96] payments-twochain      r3  6 calls
  [14/96] payments-star          r0  6 calls
  [15/96] payments-star          r1  6 calls
  [16/96] payments-star          r3  6 calls
  [17/96] robotics-chain         r0  6 calls
  [18/96] robotics-chain         r1  6 calls
  [19/96] robotics-fork          r0  6 calls
  [20/96] robotics-fork          r1  6 calls
  [21/96] robotics-join          r0  6 calls
  [22/96] robotics-join          r1  6 calls
  [23/96] robotics-join          r3  6 calls
  [24/96] robotics-diamond       r0  6 calls
  [25/96] robotics-diamond       r1  6 calls
  [26/96] robotics-diamond       r3  6 calls
  [27/96] robotics-twochain      r0  6 calls
  [28/96] robotics-twochain      r1  6 calls
  [29/96] robotics-twochain      r3  6 calls
  [30/96] robotics-star          r0  6 calls
  [31/96] robotics-star          r1  6 calls
  [32/96] robotics-star          r3  6 calls
  [33/96] pharmacy-chain         r0  6 calls
  [34/96] pharmacy-chain         r1  6 calls
  [35/96] pharmacy-fork          r0  6 calls
  [36/96] pharmacy-fork          r1  6 calls
  [37/96] pharmacy-join          r0  6 calls
  [38/96] pharmacy-join          r1  6 calls
  [39/96] pharmacy-join          r3  6 calls
  [40/96] pharmacy-diamond       r0  6 calls
  [41/96] pharmacy-diamond       r1  6 calls
  [42/96] pharmacy-diamond       r3  6 calls
  [43/96] pharmacy-twochain      r0  6 calls
  [44/96] pharmacy-twochain      r1  6 calls
  [45/96] pharmacy-twochain      r3  6 calls
  [46/96] pharmacy-star          r0  6 calls
  [47/96] pharmacy-star          r1  6 calls
  [48/96] pharmacy-star          r3  6 calls
  [49/96] satellite-chain        r0  6 calls
  [50/96] satellite-chain        r1  6 calls
  [51/96] satellite-fork         r0  6 calls
  [52/96] satellite-fork         r1  6 calls
  [53/96] satellite-join         r0  6 calls
  [54/96] satellite-join         r1  6 calls
  [55/96] satellite-join         r3  6 calls
  [56/96] satellite-diamond      r0  6 calls
  [57/96] satellite-diamond      r1  6 calls
  [58/96] satellite-diamond      r3  6 calls
  [59/96] satellite-twochain     r0  6 calls
  [60/96] satellite-twochain     r1  6 calls
  [61/96] satellite-twochain     r3  6 calls
  [62/96] satellite-star         r0  6 calls
  [63/96] satellite-star         r1  6 calls
  [64/96] satellite-star         r3  6 calls
  [65/96] brewery-chain          r0  6 calls
  [66/96] brewery-chain          r1  6 calls
  [67/96] brewery-fork           r0  6 calls
  [68/96] brewery-fork           r1  6 calls
  [69/96] brewery-join           r0  6 calls
  [70/96] brewery-join           r1  6 calls
  [71/96] brewery-join           r3  6 calls
  [72/96] brewery-diamond        r0  6 calls
  [73/96] brewery-diamond        r1  6 calls
  [74/96] brewery-diamond        r3  6 calls
  [75/96] brewery-twochain       r0  6 calls
  [76/96] brewery-twochain       r1  6 calls
  [77/96] brewery-twochain       r3  6 calls
  [78/96] brewery-star           r0  6 calls
  [79/96] brewery-star           r1  6 calls
  [80/96] brewery-star           r3  6 calls
  [81/96] rail-chain             r0  6 calls
  [82/96] rail-chain             r1  6 calls
  [83/96] rail-fork              r0  6 calls
  [84/96] rail-fork              r1  6 calls
  [85/96] rail-join              r0  6 calls
  [86/96] rail-join              r1  6 calls
  [87/96] rail-join              r3  6 calls
  [88/96] rail-diamond           r0  6 calls
  [89/96] rail-diamond           r1  6 calls
  [90/96] rail-diamond           r3  6 calls
  [91/96] rail-twochain          r0  6 calls
  [92/96] rail-twochain          r1  6 calls
  [93/96] rail-twochain          r3  6 calls
  [94/96] rail-star              r0  6 calls
  [95/96] rail-star              r1  6 calls
  [96/96] rail-star              r3  6 calls
  wrote results/e29m_llama32-3b_r0.csv / .json
=== E29-M fix: qwen2.5:14b-instruct, 96 dialogues x 6 prompts = 576 calls ===
  [ 1/96] payments-chain         r0  6 calls
  [ 2/96] payments-chain         r1  6 calls
  [ 3/96] payments-fork          r0  6 calls
  [ 4/96] payments-fork          r1  6 calls
  [ 5/96] payments-join          r0  6 calls
  [ 6/96] payments-join          r1  6 calls
  [ 7/96] payments-join          r3  6 calls
  [ 8/96] payments-diamond       r0  6 calls
  [ 9/96] payments-diamond       r1  6 calls
  [10/96] payments-diamond       r3  6 calls
  [11/96] payments-twochain      r0  6 calls
  [12/96] payments-twochain      r1  6 calls
  [13/96] payments-twochain      r3  6 calls
  [14/96] payments-star          r0  6 calls
  [15/96] payments-star          r1  6 calls
  [16/96] payments-star          r3  6 calls
  [17/96] robotics-chain         r0  6 calls
  [18/96] robotics-chain         r1  6 calls
  [19/96] robotics-fork          r0  6 calls
  [20/96] robotics-fork          r1  6 calls
  [21/96] robotics-join          r0  6 calls
  [22/96] robotics-join          r1  6 calls
  [23/96] robotics-join          r3  6 calls
  [24/96] robotics-diamond       r0  6 calls
  [25/96] robotics-diamond       r1  6 calls
  [26/96] robotics-diamond       r3  6 calls
  [27/96] robotics-twochain      r0  6 calls
  [28/96] robotics-twochain      r1  6 calls
  [29/96] robotics-twochain      r3  6 calls
  [30/96] robotics-star          r0  6 calls
  [31/96] robotics-star          r1  6 calls
  [32/96] robotics-star          r3  6 calls
  [33/96] pharmacy-chain         r0  6 calls
  [34/96] pharmacy-chain         r1  6 calls
  [35/96] pharmacy-fork          r0  6 calls
  [36/96] pharmacy-fork          r1  6 calls
  [37/96] pharmacy-join          r0  6 calls
  [38/96] pharmacy-join          r1  6 calls
  [39/96] pharmacy-join          r3  6 calls
  [40/96] pharmacy-diamond       r0  6 calls
  [41/96] pharmacy-diamond       r1  6 calls
  [42/96] pharmacy-diamond       r3  6 calls
  [43/96] pharmacy-twochain      r0  6 calls
  [44/96] pharmacy-twochain      r1  6 calls
  [45/96] pharmacy-twochain      r3  6 calls
  [46/96] pharmacy-star          r0  6 calls
  [47/96] pharmacy-star          r1  6 calls
  [48/96] pharmacy-star          r3  6 calls
  [49/96] satellite-chain        r0  6 calls
  [50/96] satellite-chain        r1  6 calls
  [51/96] satellite-fork         r0  6 calls
  [52/96] satellite-fork         r1  6 calls
  [53/96] satellite-join         r0  6 calls
  [54/96] satellite-join         r1  6 calls
  [55/96] satellite-join         r3  6 calls
  [56/96] satellite-diamond      r0  6 calls
  [57/96] satellite-diamond      r1  6 calls
  [58/96] satellite-diamond      r3  6 calls
  [59/96] satellite-twochain     r0  6 calls
  [60/96] satellite-twochain     r1  6 calls
  [61/96] satellite-twochain     r3  6 calls
  [62/96] satellite-star         r0  6 calls
  [63/96] satellite-star         r1  6 calls
  [64/96] satellite-star         r3  6 calls
  [65/96] brewery-chain          r0  6 calls
  [66/96] brewery-chain          r1  6 calls
  [67/96] brewery-fork           r0  6 calls
  [68/96] brewery-fork           r1  6 calls
  [69/96] brewery-join           r0  6 calls
  [70/96] brewery-join           r1  6 calls
  [71/96] brewery-join           r3  6 calls
  [72/96] brewery-diamond        r0  6 calls
  [73/96] brewery-diamond        r1  6 calls
  [74/96] brewery-diamond        r3  6 calls
  [75/96] brewery-twochain       r0  6 calls
  [76/96] brewery-twochain       r1  6 calls
  [77/96] brewery-twochain       r3  6 calls
  [78/96] brewery-star           r0  6 calls
  [79/96] brewery-star           r1  6 calls
  [80/96] brewery-star           r3  6 calls
  [81/96] rail-chain             r0  6 calls
  [82/96] rail-chain             r1  6 calls
  [83/96] rail-fork              r0  6 calls
  [84/96] rail-fork              r1  6 calls
  [85/96] rail-join              r0  6 calls
  [86/96] rail-join              r1  6 calls
  [87/96] rail-join              r3  6 calls
  [88/96] rail-diamond           r0  6 calls
  [89/96] rail-diamond           r1  6 calls
  [90/96] rail-diamond           r3  6 calls
  [91/96] rail-twochain          r0  6 calls
  [92/96] rail-twochain          r1  6 calls
  [93/96] rail-twochain          r3  6 calls
  [94/96] rail-star              r0  6 calls
  [95/96] rail-star              r1  6 calls
  [96/96] rail-star              r3  6 calls
  wrote results/e29m_qwen25-14b-instruct_r0.csv / .json
E29-M ALL DONE

### 13:37:49 START python -u e29k_recognition.py --all
=== E29-K recognition: llama3.2:3b, 96 dialogues x 8 questions ===
  [12/96]
  [24/96]
  [36/96]
  [48/96]
  [60/96]
  [72/96]
  [84/96]
  [96/96]
  wrote results/e29k_llama32-3b.csv
=== E29-K recognition: qwen2.5:14b-instruct, 96 dialogues x 8 questions ===
  [12/96]
  [24/96]
  [36/96]
  [48/96]
  [60/96]
  [72/96]
  [84/96]
  [96/96]
  wrote results/e29k_qwen25-14b-instruct.csv
E29-K ALL DONE
### 14:01:20 END rc=0 python -u e29k_recognition.py --all

### 14:01:20 START python -u e29s_structure.py --model aya-expanse:8b --resume
  resume: 0 of 96 already complete, 96 left
=== E29-S free-length: aya-expanse:8b, 96 dialogues x 2 arms x 4 designs = 768 calls ===

  [ 1/96] payments-chain       r0 restated addonly       n=4  10.506s
  [ 1/96] payments-chain       r0 restated addonly_merged n=4  2.654s
  [ 1/96] payments-chain       r0 restated addonly_meta  n=4  2.714s
  [ 1/96] payments-chain       r0 restated addonly_flag  n=4  2.66s
  [ 1/96] payments-chain       r0 neutral  addonly       n=4  2.67s
  [ 1/96] payments-chain       r0 neutral  addonly_merged n=4  2.644s
  [ 1/96] payments-chain       r0 neutral  addonly_meta  n=4  2.666s
  [ 1/96] payments-chain       r0 neutral  addonly_flag  n=4  2.661s
  [ 2/96] payments-chain       r1 restated addonly       n=4  2.65s
  [ 2/96] payments-chain       r1 restated addonly_merged n=4  2.662s
  [ 2/96] payments-chain       r1 restated addonly_meta  n=4  2.695s
  [ 2/96] payments-chain       r1 restated addonly_flag  n=4  2.748s
  [ 2/96] payments-chain       r1 neutral  addonly       n=4  2.728s
  [ 2/96] payments-chain       r1 neutral  addonly_merged n=4  2.714s
  [ 2/96] payments-chain       r1 neutral  addonly_meta  n=4  2.723s
  [ 2/96] payments-chain       r1 neutral  addonly_flag  n=4  2.688s
  [ 3/96] payments-fork        r0 restated addonly       n=4  2.706s
  [ 3/96] payments-fork        r0 restated addonly_merged n=4  2.738s
  [ 3/96] payments-fork        r0 restated addonly_meta  n=4  2.783s
  [ 3/96] payments-fork        r0 restated addonly_flag  n=4  2.704s
  [ 3/96] payments-fork        r0 neutral  addonly       n=4  2.695s
  [ 3/96] payments-fork        r0 neutral  addonly_merged n=4  2.741s
  [ 3/96] payments-fork        r0 neutral  addonly_meta  n=4  2.668s
  [ 3/96] payments-fork        r0 neutral  addonly_flag  n=4  2.682s
  [ 4/96] payments-fork        r1 restated addonly       n=4  2.662s
  [ 4/96] payments-fork        r1 restated addonly_merged n=4  2.652s
  [ 4/96] payments-fork        r1 restated addonly_meta  n=4  2.698s
  [ 4/96] payments-fork        r1 restated addonly_flag  n=4  2.652s
  [ 4/96] payments-fork        r1 neutral  addonly       n=4  2.651s
  [ 4/96] payments-fork        r1 neutral  addonly_merged n=4  2.651s
  [ 4/96] payments-fork        r1 neutral  addonly_meta  n=4  2.664s
  [ 4/96] payments-fork        r1 neutral  addonly_flag  n=4  2.667s
  [ 5/96] payments-join        r0 restated addonly       n=4  2.718s
  [ 5/96] payments-join        r0 restated addonly_merged n=4  2.681s
  [ 5/96] payments-join        r0 restated addonly_meta  n=4  2.739s
  [ 5/96] payments-join        r0 restated addonly_flag  n=4  2.707s
  [ 5/96] payments-join        r0 neutral  addonly       n=3  2.662s
  [ 5/96] payments-join        r0 neutral  addonly_merged n=4  2.755s
  [ 5/96] payments-join        r0 neutral  addonly_meta  n=4  2.705s
  [ 5/96] payments-join        r0 neutral  addonly_flag  n=4  2.672s
  [ 6/96] payments-join        r1 restated addonly       n=4  2.654s
  [ 6/96] payments-join        r1 restated addonly_merged n=4  2.643s
  [ 6/96] payments-join        r1 restated addonly_meta  n=4  2.636s
  [ 6/96] payments-join        r1 restated addonly_flag  n=4  2.601s
  [ 6/96] payments-join        r1 neutral  addonly       n=4  2.653s
  [ 6/96] payments-join        r1 neutral  addonly_merged n=4  2.626s
  [ 6/96] payments-join        r1 neutral  addonly_meta  n=4  2.626s
  [ 6/96] payments-join        r1 neutral  addonly_flag  n=4  2.643s
  [ 7/96] payments-join        r3 restated addonly       n=4  2.629s
  [ 7/96] payments-join        r3 restated addonly_merged n=4  2.618s
  [ 7/96] payments-join        r3 restated addonly_meta  n=4  2.606s
  [ 7/96] payments-join        r3 restated addonly_flag  n=4  2.646s
  [ 7/96] payments-join        r3 neutral  addonly       n=4  2.674s
  [ 7/96] payments-join        r3 neutral  addonly_merged n=4  2.652s
  [ 7/96] payments-join        r3 neutral  addonly_meta  n=4  2.623s
  [ 7/96] payments-join        r3 neutral  addonly_flag  n=4  2.606s
  [ 8/96] payments-diamond     r0 restated addonly       n=4  2.617s
  [ 8/96] payments-diamond     r0 restated addonly_merged n=4  2.638s
  [ 8/96] payments-diamond     r0 restated addonly_meta  n=4  2.624s
  [ 8/96] payments-diamond     r0 restated addonly_flag  n=4  2.664s
  [ 8/96] payments-diamond     r0 neutral  addonly       n=4  2.642s
  [ 8/96] payments-diamond     r0 neutral  addonly_merged n=4  2.621s
  [ 8/96] payments-diamond     r0 neutral  addonly_meta  n=4  2.621s
  [ 8/96] payments-diamond     r0 neutral  addonly_flag  n=4  2.636s
  [ 9/96] payments-diamond     r1 restated addonly       n=4  2.643s
  [ 9/96] payments-diamond     r1 restated addonly_merged n=4  2.667s
  [ 9/96] payments-diamond     r1 restated addonly_meta  n=4  2.63s
  [ 9/96] payments-diamond     r1 restated addonly_flag  n=4  2.59s
  [ 9/96] payments-diamond     r1 neutral  addonly       n=4  2.625s
  [ 9/96] payments-diamond     r1 neutral  addonly_merged n=4  2.608s
  [ 9/96] payments-diamond     r1 neutral  addonly_meta  n=4  2.653s
  [ 9/96] payments-diamond     r1 neutral  addonly_flag  n=4  2.661s
  [10/96] payments-diamond     r3 restated addonly       n=4  2.679s
  [10/96] payments-diamond     r3 restated addonly_merged n=4  2.669s
  [10/96] payments-diamond     r3 restated addonly_meta  n=4  2.666s
  [10/96] payments-diamond     r3 restated addonly_flag  n=4  2.656s
  [10/96] payments-diamond     r3 neutral  addonly       n=4  2.68s
  [10/96] payments-diamond     r3 neutral  addonly_merged n=4  2.658s
  [10/96] payments-diamond     r3 neutral  addonly_meta  n=4  2.687s
  [10/96] payments-diamond     r3 neutral  addonly_flag  n=4  2.677s
  [11/96] payments-twochain    r0 restated addonly       n=4  2.709s
  [11/96] payments-twochain    r0 restated addonly_merged n=4  2.658s
  [11/96] payments-twochain    r0 restated addonly_meta  n=4  2.652s
  [11/96] payments-twochain    r0 restated addonly_flag  n=4  2.651s
  [11/96] payments-twochain    r0 neutral  addonly       n=4  2.626s
  [11/96] payments-twochain    r0 neutral  addonly_merged n=4  2.623s
  [11/96] payments-twochain    r0 neutral  addonly_meta  n=4  2.659s
  [11/96] payments-twochain    r0 neutral  addonly_flag  n=4  2.648s
  [12/96] payments-twochain    r1 restated addonly       n=4  2.594s
  [12/96] payments-twochain    r1 restated addonly_merged n=4  2.65s
  [12/96] payments-twochain    r1 restated addonly_meta  n=4  2.653s
  [12/96] payments-twochain    r1 restated addonly_flag  n=4  2.634s
  [12/96] payments-twochain    r1 neutral  addonly       n=4  2.607s
  [12/96] payments-twochain    r1 neutral  addonly_merged n=4  2.673s
  [12/96] payments-twochain    r1 neutral  addonly_meta  n=4  2.671s
  [12/96] payments-twochain    r1 neutral  addonly_flag  n=4  2.664s
  [13/96] payments-twochain    r3 restated addonly       n=4  2.626s
  [13/96] payments-twochain    r3 restated addonly_merged n=4  2.605s
  [13/96] payments-twochain    r3 restated addonly_meta  n=4  2.644s
  [13/96] payments-twochain    r3 restated addonly_flag  n=4  2.663s
  [13/96] payments-twochain    r3 neutral  addonly       n=4  2.695s
  [13/96] payments-twochain    r3 neutral  addonly_merged n=4  2.651s
  [13/96] payments-twochain    r3 neutral  addonly_meta  n=4  2.649s
  [13/96] payments-twochain    r3 neutral  addonly_flag  n=4  2.629s
  [14/96] payments-star        r0 restated addonly       n=4  2.68s
  [14/96] payments-star        r0 restated addonly_merged n=4  2.663s
  [14/96] payments-star        r0 restated addonly_meta  n=4  2.678s
  [14/96] payments-star        r0 restated addonly_flag  n=4  2.643s
  [14/96] payments-star        r0 neutral  addonly       n=4  2.705s
  [14/96] payments-star        r0 neutral  addonly_merged n=4  2.644s
  [14/96] payments-star        r0 neutral  addonly_meta  n=4  2.674s
  [14/96] payments-star        r0 neutral  addonly_flag  n=4  2.613s
  [15/96] payments-star        r1 restated addonly       n=4  2.609s
  [15/96] payments-star        r1 restated addonly_merged n=4  2.647s
  [15/96] payments-star        r1 restated addonly_meta  n=4  2.69s
  [15/96] payments-star        r1 restated addonly_flag  n=4  2.641s
  [15/96] payments-star        r1 neutral  addonly       n=4  2.609s
  [15/96] payments-star        r1 neutral  addonly_merged n=4  2.644s
  [15/96] payments-star        r1 neutral  addonly_meta  n=4  2.7s
  [15/96] payments-star        r1 neutral  addonly_flag  n=4  2.655s
  [16/96] payments-star        r3 restated addonly       n=4  2.665s
  [16/96] payments-star        r3 restated addonly_merged n=4  2.647s
  [16/96] payments-star        r3 restated addonly_meta  n=4  2.626s
  [16/96] payments-star        r3 restated addonly_flag  n=4  2.662s
  [16/96] payments-star        r3 neutral  addonly       n=4  2.688s
  [16/96] payments-star        r3 neutral  addonly_merged n=4  2.643s
  [16/96] payments-star        r3 neutral  addonly_meta  n=4  2.615s
  [16/96] payments-star        r3 neutral  addonly_flag  n=4  2.613s
  [17/96] robotics-chain       r0 restated addonly       n=4  2.728s
  [17/96] robotics-chain       r0 restated addonly_merged n=4  2.71s
  [17/96] robotics-chain       r0 restated addonly_meta  n=4  2.721s
  [17/96] robotics-chain       r0 restated addonly_flag  n=4  2.708s
  [17/96] robotics-chain       r0 neutral  addonly       n=4  2.665s
  [17/96] robotics-chain       r0 neutral  addonly_merged n=4  2.69s
  [17/96] robotics-chain       r0 neutral  addonly_meta  n=4  2.678s
  [17/96] robotics-chain       r0 neutral  addonly_flag  n=4  2.682s
  [18/96] robotics-chain       r1 restated addonly       n=4  2.698s
  [18/96] robotics-chain       r1 restated addonly_merged n=4  2.686s
  [18/96] robotics-chain       r1 restated addonly_meta  n=4  2.73s
  [18/96] robotics-chain       r1 restated addonly_flag  n=4  2.659s
  [18/96] robotics-chain       r1 neutral  addonly       n=4  2.653s
  [18/96] robotics-chain       r1 neutral  addonly_merged n=4  2.656s
  [18/96] robotics-chain       r1 neutral  addonly_meta  n=4  2.682s
  [18/96] robotics-chain       r1 neutral  addonly_flag  n=4  2.657s
  [19/96] robotics-fork        r0 restated addonly       n=4  2.686s
  [19/96] robotics-fork        r0 restated addonly_merged n=4  2.667s
  [19/96] robotics-fork        r0 restated addonly_meta  n=4  2.655s
  [19/96] robotics-fork        r0 restated addonly_flag  n=4  2.693s
  [19/96] robotics-fork        r0 neutral  addonly       n=4  2.692s
  [19/96] robotics-fork        r0 neutral  addonly_merged n=4  2.747s
  [19/96] robotics-fork        r0 neutral  addonly_meta  n=4  2.702s
  [19/96] robotics-fork        r0 neutral  addonly_flag  n=4  2.65s
  [20/96] robotics-fork        r1 restated addonly       n=4  2.639s
  [20/96] robotics-fork        r1 restated addonly_merged n=4  2.603s
  [20/96] robotics-fork        r1 restated addonly_meta  n=4  2.698s
  [20/96] robotics-fork        r1 restated addonly_flag  n=4  2.685s
  [20/96] robotics-fork        r1 neutral  addonly       n=4  2.682s
  [20/96] robotics-fork        r1 neutral  addonly_merged n=4  2.67s
  [20/96] robotics-fork        r1 neutral  addonly_meta  n=4  2.712s
  [20/96] robotics-fork        r1 neutral  addonly_flag  n=4  2.695s
  [21/96] robotics-join        r0 restated addonly       n=4  2.71s
  [21/96] robotics-join        r0 restated addonly_merged n=4  2.678s
  [21/96] robotics-join        r0 restated addonly_meta  n=4  2.656s
  [21/96] robotics-join        r0 restated addonly_flag  n=4  2.691s
  [21/96] robotics-join        r0 neutral  addonly       n=4  2.671s
  [21/96] robotics-join        r0 neutral  addonly_merged n=4  2.679s
  [21/96] robotics-join        r0 neutral  addonly_meta  n=4  2.61s
  [21/96] robotics-join        r0 neutral  addonly_flag  n=4  2.634s
  [22/96] robotics-join        r1 restated addonly       n=4  2.651s
  [22/96] robotics-join        r1 restated addonly_merged n=4  2.682s
  [22/96] robotics-join        r1 restated addonly_meta  n=4  2.663s
  [22/96] robotics-join        r1 restated addonly_flag  n=4  2.701s
  [22/96] robotics-join        r1 neutral  addonly       n=4  2.668s
  [22/96] robotics-join        r1 neutral  addonly_merged n=4  2.708s
  [22/96] robotics-join        r1 neutral  addonly_meta  n=4  2.66s
  [22/96] robotics-join        r1 neutral  addonly_flag  n=4  2.661s
  [23/96] robotics-join        r3 restated addonly       n=4  2.644s
  [23/96] robotics-join        r3 restated addonly_merged n=4  2.643s
  [23/96] robotics-join        r3 restated addonly_meta  n=4  2.67s
  [23/96] robotics-join        r3 restated addonly_flag  n=5  2.749s
  [23/96] robotics-join        r3 neutral  addonly       n=4  2.68s
  [23/96] robotics-join        r3 neutral  addonly_merged n=4  2.686s
  [23/96] robotics-join        r3 neutral  addonly_meta  n=4  2.704s
  [23/96] robotics-join        r3 neutral  addonly_flag  n=4  2.679s
  [24/96] robotics-diamond     r0 restated addonly       n=4  2.745s
  [24/96] robotics-diamond     r0 restated addonly_merged n=4  2.717s
  [24/96] robotics-diamond     r0 restated addonly_meta  n=4  2.732s
  [24/96] robotics-diamond     r0 restated addonly_flag  n=4  2.733s
  [24/96] robotics-diamond     r0 neutral  addonly       n=4  2.726s
  [24/96] robotics-diamond     r0 neutral  addonly_merged n=4  2.651s
  [24/96] robotics-diamond     r0 neutral  addonly_meta  n=4  2.718s
  [24/96] robotics-diamond     r0 neutral  addonly_flag  n=4  2.674s
  [25/96] robotics-diamond     r1 restated addonly       n=4  2.612s
  [25/96] robotics-diamond     r1 restated addonly_merged n=4  2.607s
  [25/96] robotics-diamond     r1 restated addonly_meta  n=4  2.641s
  [25/96] robotics-diamond     r1 restated addonly_flag  n=4  2.702s
  [25/96] robotics-diamond     r1 neutral  addonly       n=4  2.658s
  [25/96] robotics-diamond     r1 neutral  addonly_merged n=4  2.673s
  [25/96] robotics-diamond     r1 neutral  addonly_meta  n=4  2.657s
  [25/96] robotics-diamond     r1 neutral  addonly_flag  n=4  2.686s
  [26/96] robotics-diamond     r3 restated addonly       n=4  2.653s
  [26/96] robotics-diamond     r3 restated addonly_merged n=4  2.648s
  [26/96] robotics-diamond     r3 restated addonly_meta  n=4  2.683s
  [26/96] robotics-diamond     r3 restated addonly_flag  n=4  2.662s
  [26/96] robotics-diamond     r3 neutral  addonly       n=4  2.666s
  [26/96] robotics-diamond     r3 neutral  addonly_merged n=4  2.659s
  [26/96] robotics-diamond     r3 neutral  addonly_meta  n=4  2.692s
  [26/96] robotics-diamond     r3 neutral  addonly_flag  n=4  2.625s
  [27/96] robotics-twochain    r0 restated addonly       n=4  2.649s
  [27/96] robotics-twochain    r0 restated addonly_merged n=4  2.652s
  [27/96] robotics-twochain    r0 restated addonly_meta  n=4  2.666s
  [27/96] robotics-twochain    r0 restated addonly_flag  n=6  2.817s
  [27/96] robotics-twochain    r0 neutral  addonly       n=4  2.699s
  [27/96] robotics-twochain    r0 neutral  addonly_merged n=4  2.638s
  [27/96] robotics-twochain    r0 neutral  addonly_meta  n=4  2.665s
  [27/96] robotics-twochain    r0 neutral  addonly_flag  n=4  2.641s
  [28/96] robotics-twochain    r1 restated addonly       n=5  2.718s
  [28/96] robotics-twochain    r1 restated addonly_merged n=5  2.776s
  [28/96] robotics-twochain    r1 restated addonly_meta  n=5  2.727s
  [28/96] robotics-twochain    r1 restated addonly_flag  n=4  2.649s
  [28/96] robotics-twochain    r1 neutral  addonly       n=4  2.7s
  [28/96] robotics-twochain    r1 neutral  addonly_merged n=4  2.69s
  [28/96] robotics-twochain    r1 neutral  addonly_meta  n=4  2.719s
  [28/96] robotics-twochain    r1 neutral  addonly_flag  n=4  2.714s
  [29/96] robotics-twochain    r3 restated addonly       n=4  2.725s
  [29/96] robotics-twochain    r3 restated addonly_merged n=4  2.719s
  [29/96] robotics-twochain    r3 restated addonly_meta  n=4  2.731s
  [29/96] robotics-twochain    r3 restated addonly_flag  n=4  2.714s
  [29/96] robotics-twochain    r3 neutral  addonly       n=4  2.712s
  [29/96] robotics-twochain    r3 neutral  addonly_merged n=4  2.724s
  [29/96] robotics-twochain    r3 neutral  addonly_meta  n=6  2.923s
  [29/96] robotics-twochain    r3 neutral  addonly_flag  n=4  2.714s
  [30/96] robotics-star        r0 restated addonly       n=4  2.703s
  [30/96] robotics-star        r0 restated addonly_merged n=4  2.711s
  [30/96] robotics-star        r0 restated addonly_meta  n=4  2.697s
  [30/96] robotics-star        r0 restated addonly_flag  n=4  2.665s
  [30/96] robotics-star        r0 neutral  addonly       n=4  2.726s
  [30/96] robotics-star        r0 neutral  addonly_merged n=4  2.69s
  [30/96] robotics-star        r0 neutral  addonly_meta  n=4  2.678s
  [30/96] robotics-star        r0 neutral  addonly_flag  n=4  2.675s
  [31/96] robotics-star        r1 restated addonly       n=4  2.613s
  [31/96] robotics-star        r1 restated addonly_merged n=4  2.654s
  [31/96] robotics-star        r1 restated addonly_meta  n=4  2.671s
  [31/96] robotics-star        r1 restated addonly_flag  n=4  2.696s
  [31/96] robotics-star        r1 neutral  addonly       n=4  2.654s
  [31/96] robotics-star        r1 neutral  addonly_merged n=4  2.584s
  [31/96] robotics-star        r1 neutral  addonly_meta  n=4  2.605s
  [31/96] robotics-star        r1 neutral  addonly_flag  n=4  2.641s
  [32/96] robotics-star        r3 restated addonly       n=4  2.654s
  [32/96] robotics-star        r3 restated addonly_merged n=4  2.646s
  [32/96] robotics-star        r3 restated addonly_meta  n=4  2.631s
  [32/96] robotics-star        r3 restated addonly_flag  n=4  2.644s
  [32/96] robotics-star        r3 neutral  addonly       n=4  2.655s
  [32/96] robotics-star        r3 neutral  addonly_merged n=4  2.625s
  [32/96] robotics-star        r3 neutral  addonly_meta  n=4  2.627s
  [32/96] robotics-star        r3 neutral  addonly_flag  n=4  2.621s
  [33/96] pharmacy-chain       r0 restated addonly       n=4  2.689s
  [33/96] pharmacy-chain       r0 restated addonly_merged n=4  2.6s
  [33/96] pharmacy-chain       r0 restated addonly_meta  n=4  2.627s
  [33/96] pharmacy-chain       r0 restated addonly_flag  n=4  2.595s
  [33/96] pharmacy-chain       r0 neutral  addonly       n=4  2.611s
  [33/96] pharmacy-chain       r0 neutral  addonly_merged n=4  2.678s
  [33/96] pharmacy-chain       r0 neutral  addonly_meta  n=4  2.637s
  [33/96] pharmacy-chain       r0 neutral  addonly_flag  n=4  2.653s
  [34/96] pharmacy-chain       r1 restated addonly       n=4  2.643s
  [34/96] pharmacy-chain       r1 restated addonly_merged n=4  2.609s
  [34/96] pharmacy-chain       r1 restated addonly_meta  n=4  2.652s
  [34/96] pharmacy-chain       r1 restated addonly_flag  n=4  2.67s
  [34/96] pharmacy-chain       r1 neutral  addonly       n=4  2.629s
  [34/96] pharmacy-chain       r1 neutral  addonly_merged n=4  2.652s
  [34/96] pharmacy-chain       r1 neutral  addonly_meta  n=4  2.624s
  [34/96] pharmacy-chain       r1 neutral  addonly_flag  n=4  2.638s
  [35/96] pharmacy-fork        r0 restated addonly       n=4  2.605s
  [35/96] pharmacy-fork        r0 restated addonly_merged n=4  2.605s
  [35/96] pharmacy-fork        r0 restated addonly_meta  n=4  2.638s
  [35/96] pharmacy-fork        r0 restated addonly_flag  n=4  2.629s
  [35/96] pharmacy-fork        r0 neutral  addonly       n=4  2.597s
  [35/96] pharmacy-fork        r0 neutral  addonly_merged n=4  2.598s
  [35/96] pharmacy-fork        r0 neutral  addonly_meta  n=4  2.601s
  [35/96] pharmacy-fork        r0 neutral  addonly_flag  n=4  2.602s
  [36/96] pharmacy-fork        r1 restated addonly       n=4  2.612s
  [36/96] pharmacy-fork        r1 restated addonly_merged n=4  2.573s
  [36/96] pharmacy-fork        r1 restated addonly_meta  n=4  2.627s
  [36/96] pharmacy-fork        r1 restated addonly_flag  n=4  2.626s
  [36/96] pharmacy-fork        r1 neutral  addonly       n=4  2.622s
  [36/96] pharmacy-fork        r1 neutral  addonly_merged n=4  2.601s
  [36/96] pharmacy-fork        r1 neutral  addonly_meta  n=4  2.6s
  [36/96] pharmacy-fork        r1 neutral  addonly_flag  n=4  2.611s
  [37/96] pharmacy-join        r0 restated addonly       n=4  2.616s
  [37/96] pharmacy-join        r0 restated addonly_merged n=4  2.622s
  [37/96] pharmacy-join        r0 restated addonly_meta  n=4  2.61s
  [37/96] pharmacy-join        r0 restated addonly_flag  n=4  2.605s
  [37/96] pharmacy-join        r0 neutral  addonly       n=4  2.637s
  [37/96] pharmacy-join        r0 neutral  addonly_merged n=4  2.592s
  [37/96] pharmacy-join        r0 neutral  addonly_meta  n=4  2.606s
  [37/96] pharmacy-join        r0 neutral  addonly_flag  n=4  2.623s
  [38/96] pharmacy-join        r1 restated addonly       n=4  2.668s
  [38/96] pharmacy-join        r1 restated addonly_merged n=4  2.624s
  [38/96] pharmacy-join        r1 restated addonly_meta  n=4  2.651s
  [38/96] pharmacy-join        r1 restated addonly_flag  n=4  2.616s
  [38/96] pharmacy-join        r1 neutral  addonly       n=4  2.602s
  [38/96] pharmacy-join        r1 neutral  addonly_merged n=4  2.626s
  [38/96] pharmacy-join        r1 neutral  addonly_meta  n=4  2.643s
  [38/96] pharmacy-join        r1 neutral  addonly_flag  n=4  2.645s
  [39/96] pharmacy-join        r3 restated addonly       n=4  2.6s
  [39/96] pharmacy-join        r3 restated addonly_merged n=4  2.607s
  [39/96] pharmacy-join        r3 restated addonly_meta  n=4  2.622s
  [39/96] pharmacy-join        r3 restated addonly_flag  n=4  2.648s
  [39/96] pharmacy-join        r3 neutral  addonly       n=4  2.619s
  [39/96] pharmacy-join        r3 neutral  addonly_merged n=4  2.602s
  [39/96] pharmacy-join        r3 neutral  addonly_meta  n=4  2.63s
  [39/96] pharmacy-join        r3 neutral  addonly_flag  n=4  2.625s
  [40/96] pharmacy-diamond     r0 restated addonly       n=4  2.651s
  [40/96] pharmacy-diamond     r0 restated addonly_merged n=4  2.629s
  [40/96] pharmacy-diamond     r0 restated addonly_meta  n=4  2.637s
  [40/96] pharmacy-diamond     r0 restated addonly_flag  n=4  2.637s
  [40/96] pharmacy-diamond     r0 neutral  addonly       n=4  2.656s
  [40/96] pharmacy-diamond     r0 neutral  addonly_merged n=4  2.636s
  [40/96] pharmacy-diamond     r0 neutral  addonly_meta  n=4  2.638s
  [40/96] pharmacy-diamond     r0 neutral  addonly_flag  n=4  2.609s
  [41/96] pharmacy-diamond     r1 restated addonly       n=4  2.596s
  [41/96] pharmacy-diamond     r1 restated addonly_merged n=4  2.57s
  [41/96] pharmacy-diamond     r1 restated addonly_meta  n=4  2.625s
  [41/96] pharmacy-diamond     r1 restated addonly_flag  n=4  2.637s
  [41/96] pharmacy-diamond     r1 neutral  addonly       n=4  2.619s
  [41/96] pharmacy-diamond     r1 neutral  addonly_merged n=4  2.625s
  [41/96] pharmacy-diamond     r1 neutral  addonly_meta  n=4  2.613s
  [41/96] pharmacy-diamond     r1 neutral  addonly_flag  n=4  2.61s
  [42/96] pharmacy-diamond     r3 restated addonly       n=4  2.619s
  [42/96] pharmacy-diamond     r3 restated addonly_merged n=4  2.605s
  [42/96] pharmacy-diamond     r3 restated addonly_meta  n=4  2.612s
  [42/96] pharmacy-diamond     r3 restated addonly_flag  n=4  2.655s
  [42/96] pharmacy-diamond     r3 neutral  addonly       n=4  2.63s
  [42/96] pharmacy-diamond     r3 neutral  addonly_merged n=4  2.608s
  [42/96] pharmacy-diamond     r3 neutral  addonly_meta  n=4  2.598s
  [42/96] pharmacy-diamond     r3 neutral  addonly_flag  n=4  2.623s
  [43/96] pharmacy-twochain    r0 restated addonly       n=4  2.597s
  [43/96] pharmacy-twochain    r0 restated addonly_merged n=4  2.606s
  [43/96] pharmacy-twochain    r0 restated addonly_meta  n=4  2.611s
  [43/96] pharmacy-twochain    r0 restated addonly_flag  n=4  2.574s
  [43/96] pharmacy-twochain    r0 neutral  addonly       n=4  2.605s
  [43/96] pharmacy-twochain    r0 neutral  addonly_merged n=4  2.6s
  [43/96] pharmacy-twochain    r0 neutral  addonly_meta  n=4  2.572s
  [43/96] pharmacy-twochain    r0 neutral  addonly_flag  n=4  2.606s
  [44/96] pharmacy-twochain    r1 restated addonly       n=4  2.63s
  [44/96] pharmacy-twochain    r1 restated addonly_merged n=4  2.747s
  [44/96] pharmacy-twochain    r1 restated addonly_meta  n=4  2.648s
  [44/96] pharmacy-twochain    r1 restated addonly_flag  n=4  2.612s
  [44/96] pharmacy-twochain    r1 neutral  addonly       n=4  2.63s
  [44/96] pharmacy-twochain    r1 neutral  addonly_merged n=4  2.642s
  [44/96] pharmacy-twochain    r1 neutral  addonly_meta  n=4  2.613s
  [44/96] pharmacy-twochain    r1 neutral  addonly_flag  n=4  2.683s
  [45/96] pharmacy-twochain    r3 restated addonly       n=4  2.617s
  [45/96] pharmacy-twochain    r3 restated addonly_merged n=4  2.632s
  [45/96] pharmacy-twochain    r3 restated addonly_meta  n=4  2.633s
  [45/96] pharmacy-twochain    r3 restated addonly_flag  n=4  2.638s
  [45/96] pharmacy-twochain    r3 neutral  addonly       n=4  2.655s
  [45/96] pharmacy-twochain    r3 neutral  addonly_merged n=4  2.643s
  [45/96] pharmacy-twochain    r3 neutral  addonly_meta  n=4  2.627s
  [45/96] pharmacy-twochain    r3 neutral  addonly_flag  n=4  2.646s
  [46/96] pharmacy-star        r0 restated addonly       n=4  2.597s
  [46/96] pharmacy-star        r0 restated addonly_merged n=4  2.588s
  [46/96] pharmacy-star        r0 restated addonly_meta  n=4  2.604s
  [46/96] pharmacy-star        r0 restated addonly_flag  n=4  2.58s
  [46/96] pharmacy-star        r0 neutral  addonly       n=4  2.566s
  [46/96] pharmacy-star        r0 neutral  addonly_merged n=4  2.59s
  [46/96] pharmacy-star        r0 neutral  addonly_meta  n=4  2.59s
  [46/96] pharmacy-star        r0 neutral  addonly_flag  n=4  2.598s
  [47/96] pharmacy-star        r1 restated addonly       n=4  2.602s
  [47/96] pharmacy-star        r1 restated addonly_merged n=4  2.648s
  [47/96] pharmacy-star        r1 restated addonly_meta  n=4  2.632s
  [47/96] pharmacy-star        r1 restated addonly_flag  n=4  2.647s
  [47/96] pharmacy-star        r1 neutral  addonly       n=4  2.612s
  [47/96] pharmacy-star        r1 neutral  addonly_merged n=4  2.71s
  [47/96] pharmacy-star        r1 neutral  addonly_meta  n=4  2.62s
  [47/96] pharmacy-star        r1 neutral  addonly_flag  n=4  2.661s
  [48/96] pharmacy-star        r3 restated addonly       n=4  2.64s
  [48/96] pharmacy-star        r3 restated addonly_merged n=4  2.633s
  [48/96] pharmacy-star        r3 restated addonly_meta  n=4  2.62s
  [48/96] pharmacy-star        r3 restated addonly_flag  n=4  2.636s
  [48/96] pharmacy-star        r3 neutral  addonly       n=4  2.615s
  [48/96] pharmacy-star        r3 neutral  addonly_merged n=4  2.634s
  [48/96] pharmacy-star        r3 neutral  addonly_meta  n=4  2.612s
  [48/96] pharmacy-star        r3 neutral  addonly_flag  n=4  2.613s
  [49/96] satellite-chain      r0 restated addonly       n=4  2.712s
  [49/96] satellite-chain      r0 restated addonly_merged n=4  2.669s
  [49/96] satellite-chain      r0 restated addonly_meta  n=4  2.676s
  [49/96] satellite-chain      r0 restated addonly_flag  n=4  2.637s
  [49/96] satellite-chain      r0 neutral  addonly       n=4  2.657s
  [49/96] satellite-chain      r0 neutral  addonly_merged n=4  2.652s
  [49/96] satellite-chain      r0 neutral  addonly_meta  n=4  2.642s
  [49/96] satellite-chain      r0 neutral  addonly_flag  n=4  2.666s
  [50/96] satellite-chain      r1 restated addonly       n=4  2.64s
  [50/96] satellite-chain      r1 restated addonly_merged n=4  2.658s
  [50/96] satellite-chain      r1 restated addonly_meta  n=4  2.613s
  [50/96] satellite-chain      r1 restated addonly_flag  n=4  2.655s
  [50/96] satellite-chain      r1 neutral  addonly       n=4  2.606s
  [50/96] satellite-chain      r1 neutral  addonly_merged n=4  2.645s
  [50/96] satellite-chain      r1 neutral  addonly_meta  n=4  2.665s
  [50/96] satellite-chain      r1 neutral  addonly_flag  n=4  2.626s
  [51/96] satellite-fork       r0 restated addonly       n=4  2.717s
  [51/96] satellite-fork       r0 restated addonly_merged n=4  2.651s
  [51/96] satellite-fork       r0 restated addonly_meta  n=4  2.651s
  [51/96] satellite-fork       r0 restated addonly_flag  n=4  2.671s
  [51/96] satellite-fork       r0 neutral  addonly       n=4  2.644s
  [51/96] satellite-fork       r0 neutral  addonly_merged n=4  2.649s
  [51/96] satellite-fork       r0 neutral  addonly_meta  n=4  2.629s
  [51/96] satellite-fork       r0 neutral  addonly_flag  n=4  2.656s
  [52/96] satellite-fork       r1 restated addonly       n=4  2.629s
  [52/96] satellite-fork       r1 restated addonly_merged n=4  2.647s
  [52/96] satellite-fork       r1 restated addonly_meta  n=4  2.623s
  [52/96] satellite-fork       r1 restated addonly_flag  n=4  2.642s
  [52/96] satellite-fork       r1 neutral  addonly       n=4  2.651s
  [52/96] satellite-fork       r1 neutral  addonly_merged n=4  2.635s
  [52/96] satellite-fork       r1 neutral  addonly_meta  n=4  2.645s
  [52/96] satellite-fork       r1 neutral  addonly_flag  n=4  2.661s
  [53/96] satellite-join       r0 restated addonly       n=4  2.626s
  [53/96] satellite-join       r0 restated addonly_merged n=4  2.652s
  [53/96] satellite-join       r0 restated addonly_meta  n=4  2.64s
  [53/96] satellite-join       r0 restated addonly_flag  n=4  2.635s
  [53/96] satellite-join       r0 neutral  addonly       n=4  2.606s
  [53/96] satellite-join       r0 neutral  addonly_merged n=4  2.594s
  [53/96] satellite-join       r0 neutral  addonly_meta  n=4  2.661s
  [53/96] satellite-join       r0 neutral  addonly_flag  n=4  2.644s
  [54/96] satellite-join       r1 restated addonly       n=4  2.659s
  [54/96] satellite-join       r1 restated addonly_merged n=4  2.616s
  [54/96] satellite-join       r1 restated addonly_meta  n=4  2.681s
  [54/96] satellite-join       r1 restated addonly_flag  n=4  2.624s
  [54/96] satellite-join       r1 neutral  addonly       n=4  2.655s
  [54/96] satellite-join       r1 neutral  addonly_merged n=4  2.661s
  [54/96] satellite-join       r1 neutral  addonly_meta  n=4  2.672s
  [54/96] satellite-join       r1 neutral  addonly_flag  n=4  2.661s
  [55/96] satellite-join       r3 restated addonly       n=4  2.642s
  [55/96] satellite-join       r3 restated addonly_merged n=4  2.661s
  [55/96] satellite-join       r3 restated addonly_meta  n=4  2.645s
  [55/96] satellite-join       r3 restated addonly_flag  n=4  2.633s
  [55/96] satellite-join       r3 neutral  addonly       n=4  2.629s
  [55/96] satellite-join       r3 neutral  addonly_merged n=4  2.636s
  [55/96] satellite-join       r3 neutral  addonly_meta  n=4  2.694s
  [55/96] satellite-join       r3 neutral  addonly_flag  n=4  2.624s
  [56/96] satellite-diamond    r0 restated addonly       n=4  2.74s
  [56/96] satellite-diamond    r0 restated addonly_merged n=4  2.671s
  [56/96] satellite-diamond    r0 restated addonly_meta  n=4  2.704s
  [56/96] satellite-diamond    r0 restated addonly_flag  n=4  2.663s
  [56/96] satellite-diamond    r0 neutral  addonly       n=4  2.674s
  [56/96] satellite-diamond    r0 neutral  addonly_merged n=4  2.676s
  [56/96] satellite-diamond    r0 neutral  addonly_meta  n=4  2.673s
  [56/96] satellite-diamond    r0 neutral  addonly_flag  n=4  2.658s
  [57/96] satellite-diamond    r1 restated addonly       n=4  2.67s
  [57/96] satellite-diamond    r1 restated addonly_merged n=4  2.654s
  [57/96] satellite-diamond    r1 restated addonly_meta  n=4  2.696s
  [57/96] satellite-diamond    r1 restated addonly_flag  n=4  2.678s
  [57/96] satellite-diamond    r1 neutral  addonly       n=4  2.68s
  [57/96] satellite-diamond    r1 neutral  addonly_merged n=4  2.704s
  [57/96] satellite-diamond    r1 neutral  addonly_meta  n=4  2.707s
  [57/96] satellite-diamond    r1 neutral  addonly_flag  n=4  2.648s
  [58/96] satellite-diamond    r3 restated addonly       n=4  2.66s
  [58/96] satellite-diamond    r3 restated addonly_merged n=4  2.734s
  [58/96] satellite-diamond    r3 restated addonly_meta  n=4  2.631s
  [58/96] satellite-diamond    r3 restated addonly_flag  n=4  2.612s
  [58/96] satellite-diamond    r3 neutral  addonly       n=4  2.67s
  [58/96] satellite-diamond    r3 neutral  addonly_merged n=4  2.693s
  [58/96] satellite-diamond    r3 neutral  addonly_meta  n=4  2.684s
  [58/96] satellite-diamond    r3 neutral  addonly_flag  n=4  2.67s
  [59/96] satellite-twochain   r0 restated addonly       n=4  2.676s
  [59/96] satellite-twochain   r0 restated addonly_merged n=4  2.677s
  [59/96] satellite-twochain   r0 restated addonly_meta  n=4  2.734s
  [59/96] satellite-twochain   r0 restated addonly_flag  n=4  2.681s
  [59/96] satellite-twochain   r0 neutral  addonly       n=4  2.689s
  [59/96] satellite-twochain   r0 neutral  addonly_merged n=4  2.703s
  [59/96] satellite-twochain   r0 neutral  addonly_meta  n=4  2.678s
  [59/96] satellite-twochain   r0 neutral  addonly_flag  n=4  2.635s
  [60/96] satellite-twochain   r1 restated addonly       n=4  2.67s
  [60/96] satellite-twochain   r1 restated addonly_merged n=4  2.692s
  [60/96] satellite-twochain   r1 restated addonly_meta  n=4  2.65s
  [60/96] satellite-twochain   r1 restated addonly_flag  n=4  2.692s
  [60/96] satellite-twochain   r1 neutral  addonly       n=4  2.651s
  [60/96] satellite-twochain   r1 neutral  addonly_merged n=4  2.651s
  [60/96] satellite-twochain   r1 neutral  addonly_meta  n=4  2.643s
  [60/96] satellite-twochain   r1 neutral  addonly_flag  n=4  2.661s
  [61/96] satellite-twochain   r3 restated addonly       n=4  2.649s
  [61/96] satellite-twochain   r3 restated addonly_merged n=4  2.653s
  [61/96] satellite-twochain   r3 restated addonly_meta  n=4  2.639s
  [61/96] satellite-twochain   r3 restated addonly_flag  n=4  2.641s
  [61/96] satellite-twochain   r3 neutral  addonly       n=4  2.64s
  [61/96] satellite-twochain   r3 neutral  addonly_merged n=4  2.614s
  [61/96] satellite-twochain   r3 neutral  addonly_meta  n=4  2.645s
  [61/96] satellite-twochain   r3 neutral  addonly_flag  n=4  2.655s
  [62/96] satellite-star       r0 restated addonly       n=4  2.689s
  [62/96] satellite-star       r0 restated addonly_merged n=4  2.655s
  [62/96] satellite-star       r0 restated addonly_meta  n=4  2.645s
  [62/96] satellite-star       r0 restated addonly_flag  n=4  2.629s
  [62/96] satellite-star       r0 neutral  addonly       n=4  2.664s
  [62/96] satellite-star       r0 neutral  addonly_merged n=4  2.62s
  [62/96] satellite-star       r0 neutral  addonly_meta  n=4  2.646s
  [62/96] satellite-star       r0 neutral  addonly_flag  n=4  2.603s
  [63/96] satellite-star       r1 restated addonly       n=4  2.643s
  [63/96] satellite-star       r1 restated addonly_merged n=4  2.648s
  [63/96] satellite-star       r1 restated addonly_meta  n=4  2.733s
  [63/96] satellite-star       r1 restated addonly_flag  n=4  2.663s
  [63/96] satellite-star       r1 neutral  addonly       n=4  2.658s
  [63/96] satellite-star       r1 neutral  addonly_merged n=4  2.645s
  [63/96] satellite-star       r1 neutral  addonly_meta  n=4  2.648s
  [63/96] satellite-star       r1 neutral  addonly_flag  n=4  2.632s
  [64/96] satellite-star       r3 restated addonly       n=4  2.671s
  [64/96] satellite-star       r3 restated addonly_merged n=4  2.673s
  [64/96] satellite-star       r3 restated addonly_meta  n=4  2.692s
  [64/96] satellite-star       r3 restated addonly_flag  n=4  2.714s
  [64/96] satellite-star       r3 neutral  addonly       n=4  2.659s
  [64/96] satellite-star       r3 neutral  addonly_merged n=4  2.677s
  [64/96] satellite-star       r3 neutral  addonly_meta  n=4  2.666s
  [64/96] satellite-star       r3 neutral  addonly_flag  n=4  2.678s
  [65/96] brewery-chain        r0 restated addonly       n=4  2.691s
  [65/96] brewery-chain        r0 restated addonly_merged n=4  2.639s
  [65/96] brewery-chain        r0 restated addonly_meta  n=4  2.662s
  [65/96] brewery-chain        r0 restated addonly_flag  n=4  2.639s
  [65/96] brewery-chain        r0 neutral  addonly       n=4  2.646s
  [65/96] brewery-chain        r0 neutral  addonly_merged n=4  2.635s
  [65/96] brewery-chain        r0 neutral  addonly_meta  n=4  2.616s
  [65/96] brewery-chain        r0 neutral  addonly_flag  n=4  2.641s
  [66/96] brewery-chain        r1 restated addonly       n=4  2.661s
  [66/96] brewery-chain        r1 restated addonly_merged n=4  2.616s
  [66/96] brewery-chain        r1 restated addonly_meta  n=4  2.609s
  [66/96] brewery-chain        r1 restated addonly_flag  n=4  2.627s
  [66/96] brewery-chain        r1 neutral  addonly       n=4  2.62s
  [66/96] brewery-chain        r1 neutral  addonly_merged n=4  2.609s
  [66/96] brewery-chain        r1 neutral  addonly_meta  n=4  2.605s
  [66/96] brewery-chain        r1 neutral  addonly_flag  n=4  2.586s
  [67/96] brewery-fork         r0 restated addonly       n=4  2.61s
  [67/96] brewery-fork         r0 restated addonly_merged n=4  2.655s
  [67/96] brewery-fork         r0 restated addonly_meta  n=4  2.629s
  [67/96] brewery-fork         r0 restated addonly_flag  n=4  2.627s
  [67/96] brewery-fork         r0 neutral  addonly       n=4  2.602s
  [67/96] brewery-fork         r0 neutral  addonly_merged n=4  2.643s
  [67/96] brewery-fork         r0 neutral  addonly_meta  n=4  2.621s
  [67/96] brewery-fork         r0 neutral  addonly_flag  n=4  2.616s
  [68/96] brewery-fork         r1 restated addonly       n=4  2.609s
  [68/96] brewery-fork         r1 restated addonly_merged n=4  2.611s
  [68/96] brewery-fork         r1 restated addonly_meta  n=4  2.642s
  [68/96] brewery-fork         r1 restated addonly_flag  n=4  2.611s
  [68/96] brewery-fork         r1 neutral  addonly       n=4  2.64s
  [68/96] brewery-fork         r1 neutral  addonly_merged n=4  2.589s
  [68/96] brewery-fork         r1 neutral  addonly_meta  n=4  2.595s
  [68/96] brewery-fork         r1 neutral  addonly_flag  n=4  2.587s
  [69/96] brewery-join         r0 restated addonly       n=4  2.648s
  [69/96] brewery-join         r0 restated addonly_merged n=4  2.621s
  [69/96] brewery-join         r0 restated addonly_meta  n=4  2.639s
  [69/96] brewery-join         r0 restated addonly_flag  n=4  2.649s
  [69/96] brewery-join         r0 neutral  addonly       n=4  2.663s
  [69/96] brewery-join         r0 neutral  addonly_merged n=4  2.621s
  [69/96] brewery-join         r0 neutral  addonly_meta  n=4  2.653s
  [69/96] brewery-join         r0 neutral  addonly_flag  n=4  2.624s
  [70/96] brewery-join         r1 restated addonly       n=4  2.593s
  [70/96] brewery-join         r1 restated addonly_merged n=4  2.584s
  [70/96] brewery-join         r1 restated addonly_meta  n=4  2.627s
  [70/96] brewery-join         r1 restated addonly_flag  n=4  2.597s
  [70/96] brewery-join         r1 neutral  addonly       n=4  2.579s
  [70/96] brewery-join         r1 neutral  addonly_merged n=4  2.611s
  [70/96] brewery-join         r1 neutral  addonly_meta  n=4  2.622s
  [70/96] brewery-join         r1 neutral  addonly_flag  n=4  2.62s
  [71/96] brewery-join         r3 restated addonly       n=4  2.627s
  [71/96] brewery-join         r3 restated addonly_merged n=4  2.612s
  [71/96] brewery-join         r3 restated addonly_meta  n=4  2.629s
  [71/96] brewery-join         r3 restated addonly_flag  n=4  2.594s
  [71/96] brewery-join         r3 neutral  addonly       n=4  2.693s
  [71/96] brewery-join         r3 neutral  addonly_merged n=4  2.652s
  [71/96] brewery-join         r3 neutral  addonly_meta  n=4  2.656s
  [71/96] brewery-join         r3 neutral  addonly_flag  n=4  2.689s
  [72/96] brewery-diamond      r0 restated addonly       n=4  2.657s
  [72/96] brewery-diamond      r0 restated addonly_merged n=4  2.63s
  [72/96] brewery-diamond      r0 restated addonly_meta  n=4  2.672s
  [72/96] brewery-diamond      r0 restated addonly_flag  n=4  2.633s
  [72/96] brewery-diamond      r0 neutral  addonly       n=4  2.675s
  [72/96] brewery-diamond      r0 neutral  addonly_merged n=4  2.626s
  [72/96] brewery-diamond      r0 neutral  addonly_meta  n=4  2.647s
  [72/96] brewery-diamond      r0 neutral  addonly_flag  n=4  2.642s
  [73/96] brewery-diamond      r1 restated addonly       n=4  2.675s
  [73/96] brewery-diamond      r1 restated addonly_merged n=4  2.632s
  [73/96] brewery-diamond      r1 restated addonly_meta  n=4  2.647s
  [73/96] brewery-diamond      r1 restated addonly_flag  n=4  2.639s
  [73/96] brewery-diamond      r1 neutral  addonly       n=4  2.668s
  [73/96] brewery-diamond      r1 neutral  addonly_merged n=4  2.659s
  [73/96] brewery-diamond      r1 neutral  addonly_meta  n=4  2.657s
  [73/96] brewery-diamond      r1 neutral  addonly_flag  n=4  2.64s
  [74/96] brewery-diamond      r3 restated addonly       n=4  2.652s
  [74/96] brewery-diamond      r3 restated addonly_merged n=4  2.644s
  [74/96] brewery-diamond      r3 restated addonly_meta  n=4  2.675s
  [74/96] brewery-diamond      r3 restated addonly_flag  n=4  2.693s
  [74/96] brewery-diamond      r3 neutral  addonly       n=4  2.681s
  [74/96] brewery-diamond      r3 neutral  addonly_merged n=4  2.669s
  [74/96] brewery-diamond      r3 neutral  addonly_meta  n=4  2.671s
  [74/96] brewery-diamond      r3 neutral  addonly_flag  n=4  2.741s
  [75/96] brewery-twochain     r0 restated addonly       n=4  2.688s
  [75/96] brewery-twochain     r0 restated addonly_merged n=4  2.677s
  [75/96] brewery-twochain     r0 restated addonly_meta  n=4  2.62s
  [75/96] brewery-twochain     r0 restated addonly_flag  n=4  2.647s
  [75/96] brewery-twochain     r0 neutral  addonly       n=4  2.637s
  [75/96] brewery-twochain     r0 neutral  addonly_merged n=4  2.621s
  [75/96] brewery-twochain     r0 neutral  addonly_meta  n=4  2.651s
  [75/96] brewery-twochain     r0 neutral  addonly_flag  n=4  2.652s
  [76/96] brewery-twochain     r1 restated addonly       n=4  2.637s
  [76/96] brewery-twochain     r1 restated addonly_merged n=4  2.613s
  [76/96] brewery-twochain     r1 restated addonly_meta  n=4  2.641s
  [76/96] brewery-twochain     r1 restated addonly_flag  n=4  2.633s
  [76/96] brewery-twochain     r1 neutral  addonly       n=4  2.626s
  [76/96] brewery-twochain     r1 neutral  addonly_merged n=4  2.634s
  [76/96] brewery-twochain     r1 neutral  addonly_meta  n=4  2.626s
  [76/96] brewery-twochain     r1 neutral  addonly_flag  n=4  2.633s
  [77/96] brewery-twochain     r3 restated addonly       n=4  2.642s
  [77/96] brewery-twochain     r3 restated addonly_merged n=4  2.608s
  [77/96] brewery-twochain     r3 restated addonly_meta  n=4  2.604s
  [77/96] brewery-twochain     r3 restated addonly_flag  n=4  2.626s
  [77/96] brewery-twochain     r3 neutral  addonly       n=4  2.624s
  [77/96] brewery-twochain     r3 neutral  addonly_merged n=4  2.617s
  [77/96] brewery-twochain     r3 neutral  addonly_meta  n=4  2.633s
  [77/96] brewery-twochain     r3 neutral  addonly_flag  n=4  2.699s
  [78/96] brewery-star         r0 restated addonly       n=4  2.668s
  [78/96] brewery-star         r0 restated addonly_merged n=4  2.729s
  [78/96] brewery-star         r0 restated addonly_meta  n=4  2.636s
  [78/96] brewery-star         r0 restated addonly_flag  n=4  2.672s
  [78/96] brewery-star         r0 neutral  addonly       n=4  2.679s
  [78/96] brewery-star         r0 neutral  addonly_merged n=4  2.664s
  [78/96] brewery-star         r0 neutral  addonly_meta  n=4  2.67s
  [78/96] brewery-star         r0 neutral  addonly_flag  n=4  2.646s
  [79/96] brewery-star         r1 restated addonly       n=4  2.713s
  [79/96] brewery-star         r1 restated addonly_merged n=4  2.667s
  [79/96] brewery-star         r1 restated addonly_meta  n=4  2.653s
  [79/96] brewery-star         r1 restated addonly_flag  n=4  2.628s
  [79/96] brewery-star         r1 neutral  addonly       n=4  2.666s
  [79/96] brewery-star         r1 neutral  addonly_merged n=4  2.644s
  [79/96] brewery-star         r1 neutral  addonly_meta  n=4  2.645s
  [79/96] brewery-star         r1 neutral  addonly_flag  n=4  2.653s
  [80/96] brewery-star         r3 restated addonly       n=4  2.639s
  [80/96] brewery-star         r3 restated addonly_merged n=4  2.69s
  [80/96] brewery-star         r3 restated addonly_meta  n=4  2.697s
  [80/96] brewery-star         r3 restated addonly_flag  n=4  2.682s
  [80/96] brewery-star         r3 neutral  addonly       n=4  2.722s
  [80/96] brewery-star         r3 neutral  addonly_merged n=4  2.743s
  [80/96] brewery-star         r3 neutral  addonly_meta  n=4  2.707s
  [80/96] brewery-star         r3 neutral  addonly_flag  n=4  2.743s
  [81/96] rail-chain           r0 restated addonly       n=4  2.905s
  [81/96] rail-chain           r0 restated addonly_merged n=4  2.628s
  [81/96] rail-chain           r0 restated addonly_meta  n=4  2.656s
  [81/96] rail-chain           r0 restated addonly_flag  n=4  2.642s
  [81/96] rail-chain           r0 neutral  addonly       n=4  2.653s
  [81/96] rail-chain           r0 neutral  addonly_merged n=4  2.626s
  [81/96] rail-chain           r0 neutral  addonly_meta  n=4  2.595s
  [81/96] rail-chain           r0 neutral  addonly_flag  n=4  2.558s
  [82/96] rail-chain           r1 restated addonly       n=4  2.634s
  [82/96] rail-chain           r1 restated addonly_merged n=4  2.59s
  [82/96] rail-chain           r1 restated addonly_meta  n=4  2.605s
  [82/96] rail-chain           r1 restated addonly_flag  n=4  2.609s
  [82/96] rail-chain           r1 neutral  addonly       n=4  2.675s
  [82/96] rail-chain           r1 neutral  addonly_merged n=4  2.637s
  [82/96] rail-chain           r1 neutral  addonly_meta  n=4  2.677s
  [82/96] rail-chain           r1 neutral  addonly_flag  n=4  2.682s
  [83/96] rail-fork            r0 restated addonly       n=4  2.716s
  [83/96] rail-fork            r0 restated addonly_merged n=4  2.695s
  [83/96] rail-fork            r0 restated addonly_meta  n=4  2.645s
  [83/96] rail-fork            r0 restated addonly_flag  n=4  2.649s
  [83/96] rail-fork            r0 neutral  addonly       n=4  2.639s
  [83/96] rail-fork            r0 neutral  addonly_merged n=4  2.625s
  [83/96] rail-fork            r0 neutral  addonly_meta  n=4  2.634s
  [83/96] rail-fork            r0 neutral  addonly_flag  n=4  2.662s
  [84/96] rail-fork            r1 restated addonly       n=4  2.65s
  [84/96] rail-fork            r1 restated addonly_merged n=4  2.629s
  [84/96] rail-fork            r1 restated addonly_meta  n=4  2.613s
  [84/96] rail-fork            r1 restated addonly_flag  n=4  2.669s
  [84/96] rail-fork            r1 neutral  addonly       n=4  2.66s
  [84/96] rail-fork            r1 neutral  addonly_merged n=4  2.624s
  [84/96] rail-fork            r1 neutral  addonly_meta  n=4  2.628s
  [84/96] rail-fork            r1 neutral  addonly_flag  n=4  2.62s
  [85/96] rail-join            r0 restated addonly       n=4  2.632s
  [85/96] rail-join            r0 restated addonly_merged n=4  2.637s
  [85/96] rail-join            r0 restated addonly_meta  n=4  2.657s
  [85/96] rail-join            r0 restated addonly_flag  n=4  2.649s
  [85/96] rail-join            r0 neutral  addonly       n=4  2.628s
  [85/96] rail-join            r0 neutral  addonly_merged n=4  2.626s
  [85/96] rail-join            r0 neutral  addonly_meta  n=4  2.631s
  [85/96] rail-join            r0 neutral  addonly_flag  n=4  2.636s
  [86/96] rail-join            r1 restated addonly       n=4  2.645s
  [86/96] rail-join            r1 restated addonly_merged n=4  2.637s
  [86/96] rail-join            r1 restated addonly_meta  n=4  2.606s
  [86/96] rail-join            r1 restated addonly_flag  n=4  2.622s
  [86/96] rail-join            r1 neutral  addonly       n=4  2.625s
  [86/96] rail-join            r1 neutral  addonly_merged n=4  2.611s
  [86/96] rail-join            r1 neutral  addonly_meta  n=4  2.651s
  [86/96] rail-join            r1 neutral  addonly_flag  n=4  2.626s
  [87/96] rail-join            r3 restated addonly       n=4  2.627s
  [87/96] rail-join            r3 restated addonly_merged n=4  2.618s
  [87/96] rail-join            r3 restated addonly_meta  n=4  2.628s
  [87/96] rail-join            r3 restated addonly_flag  n=4  2.593s
  [87/96] rail-join            r3 neutral  addonly       n=4  2.618s
  [87/96] rail-join            r3 neutral  addonly_merged n=4  2.594s
  [87/96] rail-join            r3 neutral  addonly_meta  n=4  2.598s
  [87/96] rail-join            r3 neutral  addonly_flag  n=4  2.624s
  [88/96] rail-diamond         r0 restated addonly       n=4  2.632s
  [88/96] rail-diamond         r0 restated addonly_merged n=4  2.638s
  [88/96] rail-diamond         r0 restated addonly_meta  n=4  2.635s
  [88/96] rail-diamond         r0 restated addonly_flag  n=4  2.672s
  [88/96] rail-diamond         r0 neutral  addonly       n=4  2.64s
  [88/96] rail-diamond         r0 neutral  addonly_merged n=4  2.659s
  [88/96] rail-diamond         r0 neutral  addonly_meta  n=4  2.648s
  [88/96] rail-diamond         r0 neutral  addonly_flag  n=4  2.657s
  [89/96] rail-diamond         r1 restated addonly       n=4  2.653s
  [89/96] rail-diamond         r1 restated addonly_merged n=4  2.618s
  [89/96] rail-diamond         r1 restated addonly_meta  n=4  2.65s
  [89/96] rail-diamond         r1 restated addonly_flag  n=4  2.657s
  [89/96] rail-diamond         r1 neutral  addonly       n=4  2.661s
  [89/96] rail-diamond         r1 neutral  addonly_merged n=4  2.62s
  [89/96] rail-diamond         r1 neutral  addonly_meta  n=4  2.659s
  [89/96] rail-diamond         r1 neutral  addonly_flag  n=4  2.647s
  [90/96] rail-diamond         r3 restated addonly       n=4  2.754s
  [90/96] rail-diamond         r3 restated addonly_merged n=4  2.683s
  [90/96] rail-diamond         r3 restated addonly_meta  n=4  2.616s
  [90/96] rail-diamond         r3 restated addonly_flag  n=4  2.637s
  [90/96] rail-diamond         r3 neutral  addonly       n=4  5.557s
  [90/96] rail-diamond         r3 neutral  addonly_merged n=4  5.48s
  [90/96] rail-diamond         r3 neutral  addonly_meta  n=4  2.617s
  [90/96] rail-diamond         r3 neutral  addonly_flag  n=4  2.617s
  [91/96] rail-twochain        r0 restated addonly       n=4  2.619s
  [91/96] rail-twochain        r0 restated addonly_merged n=4  2.639s
  [91/96] rail-twochain        r0 restated addonly_meta  n=4  2.678s
  [91/96] rail-twochain        r0 restated addonly_flag  n=4  2.622s
  [91/96] rail-twochain        r0 neutral  addonly       n=4  2.63s
  [91/96] rail-twochain        r0 neutral  addonly_merged n=4  2.598s
  [91/96] rail-twochain        r0 neutral  addonly_meta  n=4  2.641s
  [91/96] rail-twochain        r0 neutral  addonly_flag  n=4  2.641s
  [92/96] rail-twochain        r1 restated addonly       n=4  2.634s
  [92/96] rail-twochain        r1 restated addonly_merged n=4  2.632s
  [92/96] rail-twochain        r1 restated addonly_meta  n=4  2.647s
  [92/96] rail-twochain        r1 restated addonly_flag  n=4  2.642s
  [92/96] rail-twochain        r1 neutral  addonly       n=4  2.641s
  [92/96] rail-twochain        r1 neutral  addonly_merged n=4  2.661s
  [92/96] rail-twochain        r1 neutral  addonly_meta  n=4  2.596s
  [92/96] rail-twochain        r1 neutral  addonly_flag  n=4  2.656s
  [93/96] rail-twochain        r3 restated addonly       n=3  2.578s
  [93/96] rail-twochain        r3 restated addonly_merged n=4  2.612s
  [93/96] rail-twochain        r3 restated addonly_meta  n=4  2.619s
  [93/96] rail-twochain        r3 restated addonly_flag  n=4  2.625s
  [93/96] rail-twochain        r3 neutral  addonly       n=4  2.642s
  [93/96] rail-twochain        r3 neutral  addonly_merged n=3  2.589s
  [93/96] rail-twochain        r3 neutral  addonly_meta  n=4  2.643s
  [93/96] rail-twochain        r3 neutral  addonly_flag  n=4  2.615s
  [94/96] rail-star            r0 restated addonly       n=4  2.625s
  [94/96] rail-star            r0 restated addonly_merged n=4  2.614s
  [94/96] rail-star            r0 restated addonly_meta  n=4  2.631s
  [94/96] rail-star            r0 restated addonly_flag  n=4  2.621s
  [94/96] rail-star            r0 neutral  addonly       n=4  2.626s
  [94/96] rail-star            r0 neutral  addonly_merged n=4  2.618s
  [94/96] rail-star            r0 neutral  addonly_meta  n=4  2.618s
  [94/96] rail-star            r0 neutral  addonly_flag  n=4  2.625s
  [95/96] rail-star            r1 restated addonly       n=4  2.618s
  [95/96] rail-star            r1 restated addonly_merged n=4  2.62s
  [95/96] rail-star            r1 restated addonly_meta  n=4  2.61s
  [95/96] rail-star            r1 restated addonly_flag  n=4  2.634s
  [95/96] rail-star            r1 neutral  addonly       n=4  2.667s
  [95/96] rail-star            r1 neutral  addonly_merged n=4  2.631s
  [95/96] rail-star            r1 neutral  addonly_meta  n=4  2.651s
  [95/96] rail-star            r1 neutral  addonly_flag  n=4  2.626s
  [96/96] rail-star            r3 restated addonly       n=4  2.652s
  [96/96] rail-star            r3 restated addonly_merged n=4  2.639s
  [96/96] rail-star            r3 restated addonly_meta  n=4  2.655s
  [96/96] rail-star            r3 restated addonly_flag  n=4  2.687s
  [96/96] rail-star            r3 neutral  addonly       n=4  2.676s
  [96/96] rail-star            r3 neutral  addonly_merged n=4  2.645s
  [96/96] rail-star            r3 neutral  addonly_meta  n=4  2.653s
  [96/96] rail-star            r3 neutral  addonly_flag  n=4  2.676s

  wrote results/e29s_aya-expanse-8b_r0.csv / .json
  design          arm       n   rejected_included  never_included  mean_plan
  addonly         restated  96  0.208              0.604           4        
  addonly         neutral   96  0.156              0.646           3.99     
  addonly_merged  restated  96  0.104              0.667           4.01     
  addonly_merged  neutral   96  0.052              0.688           3.99     
  addonly_meta    restated  96  0.062              0.708           4.01     
  addonly_meta    neutral   96  0.031              0.667           4.02     
  addonly_flag    restated  96  0.656              0.458           4.03     
  addonly_flag    neutral   96  0.479              0.479           4        

  parse 1.000   mean |plan| 4.01
### 14:35:32 END rc=0 python -u e29s_structure.py --model aya-expanse:8b --resume

### 14:35:32 START python -u e29s_structure.py --model gemma4:e4b --resume
  resume: 0 of 96 already complete, 96 left
=== E29-S free-length: gemma4:e4b, 96 dialogues x 2 arms x 4 designs = 768 calls ===

  [ 1/96] payments-chain       r0 restated addonly       n=1  16.187s
  [ 1/96] payments-chain       r0 restated addonly_merged n=1  8.247s
  [ 1/96] payments-chain       r0 restated addonly_meta  n=1  8.433s
  [ 1/96] payments-chain       r0 restated addonly_flag  n=1  8.366s
  [ 1/96] payments-chain       r0 neutral  addonly       n=1  8.322s
  [ 1/96] payments-chain       r0 neutral  addonly_merged n=1  8.362s
  [ 1/96] payments-chain       r0 neutral  addonly_meta  n=1  8.342s
  [ 1/96] payments-chain       r0 neutral  addonly_flag  n=1  8.336s
  [ 2/96] payments-chain       r1 restated addonly       n=4  8.548s
  [ 2/96] payments-chain       r1 restated addonly_merged n=4  8.573s
  [ 2/96] payments-chain       r1 restated addonly_meta  n=4  8.594s
  [ 2/96] payments-chain       r1 restated addonly_flag  n=4  8.508s
  [ 2/96] payments-chain       r1 neutral  addonly       n=4  8.569s
  [ 2/96] payments-chain       r1 neutral  addonly_merged n=4  8.168s
  [ 2/96] payments-chain       r1 neutral  addonly_meta  n=4  8.253s
  [ 2/96] payments-chain       r1 neutral  addonly_flag  n=4  8.235s
  [ 3/96] payments-fork        r0 restated addonly       n=1  8.179s
  [ 3/96] payments-fork        r0 restated addonly_merged n=1  8.404s
  [ 3/96] payments-fork        r0 restated addonly_meta  n=1  8.332s
  [ 3/96] payments-fork        r0 restated addonly_flag  n=1  8.145s
  [ 3/96] payments-fork        r0 neutral  addonly       n=1  8.226s
  [ 3/96] payments-fork        r0 neutral  addonly_merged n=1  8.024s
  [ 3/96] payments-fork        r0 neutral  addonly_meta  n=1  8.103s
  [ 3/96] payments-fork        r0 neutral  addonly_flag  n=1  8.037s
  [ 4/96] payments-fork        r1 restated addonly       n=4  8.115s
  [ 4/96] payments-fork        r1 restated addonly_merged n=4  8.201s
  [ 4/96] payments-fork        r1 restated addonly_meta  n=4  8.217s
  [ 4/96] payments-fork        r1 restated addonly_flag  n=4  8.225s
  [ 4/96] payments-fork        r1 neutral  addonly       n=4  8.227s
  [ 4/96] payments-fork        r1 neutral  addonly_merged n=4  8.157s
  [ 4/96] payments-fork        r1 neutral  addonly_meta  n=1  8.047s
  [ 4/96] payments-fork        r1 neutral  addonly_flag  n=4  8.323s
  [ 5/96] payments-join        r0 restated addonly       n=2  8.226s
  [ 5/96] payments-join        r0 restated addonly_merged n=2  8.375s
  [ 5/96] payments-join        r0 restated addonly_meta  n=2  8.459s
  [ 5/96] payments-join        r0 restated addonly_flag  n=2  8.382s
  [ 5/96] payments-join        r0 neutral  addonly       n=2  8.387s
  [ 5/96] payments-join        r0 neutral  addonly_merged n=2  8.323s
  [ 5/96] payments-join        r0 neutral  addonly_meta  n=2  8.38s
  [ 5/96] payments-join        r0 neutral  addonly_flag  n=2  8.41s
  [ 6/96] payments-join        r1 restated addonly       n=4  8.558s
  [ 6/96] payments-join        r1 restated addonly_merged n=4  8.406s
  [ 6/96] payments-join        r1 restated addonly_meta  n=4  8.461s
  [ 6/96] payments-join        r1 restated addonly_flag  n=4  8.406s
  [ 6/96] payments-join        r1 neutral  addonly       n=4  8.393s
  [ 6/96] payments-join        r1 neutral  addonly_merged n=4  8.436s
  [ 6/96] payments-join        r1 neutral  addonly_meta  n=4  8.535s
  [ 6/96] payments-join        r1 neutral  addonly_flag  n=4  8.552s
  [ 7/96] payments-join        r3 restated addonly       n=1  8.501s
  [ 7/96] payments-join        r3 restated addonly_merged n=1  8.394s
  [ 7/96] payments-join        r3 restated addonly_meta  n=1  8.361s
  [ 7/96] payments-join        r3 restated addonly_flag  n=4  8.345s
  [ 7/96] payments-join        r3 neutral  addonly       n=4  8.382s
  [ 7/96] payments-join        r3 neutral  addonly_merged n=1  8.445s
  [ 7/96] payments-join        r3 neutral  addonly_meta  n=4  8.415s
  [ 7/96] payments-join        r3 neutral  addonly_flag  n=4  8.492s
  [ 8/96] payments-diamond     r0 restated addonly       n=2  8.429s
  [ 8/96] payments-diamond     r0 restated addonly_merged n=2  8.446s
  [ 8/96] payments-diamond     r0 restated addonly_meta  n=2  8.383s
  [ 8/96] payments-diamond     r0 restated addonly_flag  n=4  8.585s
  [ 8/96] payments-diamond     r0 neutral  addonly       n=2  8.497s
  [ 8/96] payments-diamond     r0 neutral  addonly_merged n=4  8.4s
  [ 8/96] payments-diamond     r0 neutral  addonly_meta  n=2  8.415s
  [ 8/96] payments-diamond     r0 neutral  addonly_flag  n=2  8.429s
  [ 9/96] payments-diamond     r1 restated addonly       n=4  8.538s
  [ 9/96] payments-diamond     r1 restated addonly_merged n=1  8.282s
  [ 9/96] payments-diamond     r1 restated addonly_meta  n=4  8.612s
  [ 9/96] payments-diamond     r1 restated addonly_flag  n=4  8.484s
  [ 9/96] payments-diamond     r1 neutral  addonly       n=4  8.546s
  [ 9/96] payments-diamond     r1 neutral  addonly_merged n=1  8.471s
  [ 9/96] payments-diamond     r1 neutral  addonly_meta  n=4  8.506s
  [ 9/96] payments-diamond     r1 neutral  addonly_flag  n=4  8.432s
  [10/96] payments-diamond     r3 restated addonly       n=1  8.288s
  [10/96] payments-diamond     r3 restated addonly_merged n=1  8.311s
  [10/96] payments-diamond     r3 restated addonly_meta  n=1  8.287s
  [10/96] payments-diamond     r3 restated addonly_flag  n=1  8.317s
  [10/96] payments-diamond     r3 neutral  addonly       n=1  8.251s
  [10/96] payments-diamond     r3 neutral  addonly_merged n=1  8.426s
  [10/96] payments-diamond     r3 neutral  addonly_meta  n=1  8.406s
  [10/96] payments-diamond     r3 neutral  addonly_flag  n=1  8.369s
  [11/96] payments-twochain    r0 restated addonly       n=2  8.438s
  [11/96] payments-twochain    r0 restated addonly_merged n=2  8.435s
  [11/96] payments-twochain    r0 restated addonly_meta  n=2  8.488s
  [11/96] payments-twochain    r0 restated addonly_flag  n=2  8.349s
  [11/96] payments-twochain    r0 neutral  addonly       n=2  8.33s
  [11/96] payments-twochain    r0 neutral  addonly_merged n=2  8.37s
  [11/96] payments-twochain    r0 neutral  addonly_meta  n=2  8.42s
  [11/96] payments-twochain    r0 neutral  addonly_flag  n=2  8.47s
  [12/96] payments-twochain    r1 restated addonly       n=1  8.46s
  [12/96] payments-twochain    r1 restated addonly_merged n=1  8.479s
  [12/96] payments-twochain    r1 restated addonly_meta  n=1  8.477s
  [12/96] payments-twochain    r1 restated addonly_flag  n=4  8.44s
  [12/96] payments-twochain    r1 neutral  addonly       n=1  8.227s
  [12/96] payments-twochain    r1 neutral  addonly_merged n=1  8.322s
  [12/96] payments-twochain    r1 neutral  addonly_meta  n=1  8.326s
  [12/96] payments-twochain    r1 neutral  addonly_flag  n=1  8.255s
  [13/96] payments-twochain    r3 restated addonly       n=1  8.327s
  [13/96] payments-twochain    r3 restated addonly_merged n=1  8.324s
  [13/96] payments-twochain    r3 restated addonly_meta  n=1  8.348s
  [13/96] payments-twochain    r3 restated addonly_flag  n=1  14.732s
  [13/96] payments-twochain    r3 neutral  addonly       n=1  8.397s
  [13/96] payments-twochain    r3 neutral  addonly_merged n=1  8.275s
  [13/96] payments-twochain    r3 neutral  addonly_meta  n=1  8.372s
  [13/96] payments-twochain    r3 neutral  addonly_flag  n=1  8.275s
  [14/96] payments-star        r0 restated addonly       n=2  8.617s
  [14/96] payments-star        r0 restated addonly_merged n=2  8.367s
  [14/96] payments-star        r0 restated addonly_meta  n=4  8.469s
  [14/96] payments-star        r0 restated addonly_flag  n=4  8.627s
  [14/96] payments-star        r0 neutral  addonly       n=4  8.621s
  [14/96] payments-star        r0 neutral  addonly_merged n=2  8.428s
  [14/96] payments-star        r0 neutral  addonly_meta  n=4  8.449s
  [14/96] payments-star        r0 neutral  addonly_flag  n=4  8.444s
  [15/96] payments-star        r1 restated addonly       n=1  8.215s
  [15/96] payments-star        r1 restated addonly_merged n=1  8.321s
  [15/96] payments-star        r1 restated addonly_meta  n=1  8.417s
  [15/96] payments-star        r1 restated addonly_flag  n=1  8.446s
  [15/96] payments-star        r1 neutral  addonly       n=1  8.239s
  [15/96] payments-star        r1 neutral  addonly_merged n=1  8.298s
  [15/96] payments-star        r1 neutral  addonly_meta  n=1  8.292s
  [15/96] payments-star        r1 neutral  addonly_flag  n=1  8.337s
  [16/96] payments-star        r3 restated addonly       n=1  8.56s
  [16/96] payments-star        r3 restated addonly_merged n=1  8.501s
  [16/96] payments-star        r3 restated addonly_meta  n=1  8.836s
  [16/96] payments-star        r3 restated addonly_flag  n=1  8.475s
  [16/96] payments-star        r3 neutral  addonly       n=1  8.293s
  [16/96] payments-star        r3 neutral  addonly_merged n=1  8.324s
  [16/96] payments-star        r3 neutral  addonly_meta  n=1  8.406s
  [16/96] payments-star        r3 neutral  addonly_flag  n=1  8.493s
  [17/96] robotics-chain       r0 restated addonly       n=4  8.709s
  [17/96] robotics-chain       r0 restated addonly_merged n=4  8.604s
  [17/96] robotics-chain       r0 restated addonly_meta  n=4  8.731s
  [17/96] robotics-chain       r0 restated addonly_flag  n=4  8.759s
  [17/96] robotics-chain       r0 neutral  addonly       n=4  8.446s
  [17/96] robotics-chain       r0 neutral  addonly_merged n=4  8.638s
  [17/96] robotics-chain       r0 neutral  addonly_meta  n=4  8.556s
  [17/96] robotics-chain       r0 neutral  addonly_flag  n=4  8.619s
  [18/96] robotics-chain       r1 restated addonly       n=4  8.487s
  [18/96] robotics-chain       r1 restated addonly_merged n=4  8.419s
  [18/96] robotics-chain       r1 restated addonly_meta  n=4  8.47s
  [18/96] robotics-chain       r1 restated addonly_flag  n=4  8.457s
  [18/96] robotics-chain       r1 neutral  addonly       n=4  8.49s
  [18/96] robotics-chain       r1 neutral  addonly_merged n=4  8.517s
  [18/96] robotics-chain       r1 neutral  addonly_meta  n=4  8.445s
  [18/96] robotics-chain       r1 neutral  addonly_flag  n=4  8.496s
  [19/96] robotics-fork        r0 restated addonly       n=4  8.464s
  [19/96] robotics-fork        r0 restated addonly_merged n=4  8.517s
  [19/96] robotics-fork        r0 restated addonly_meta  n=4  8.489s
  [19/96] robotics-fork        r0 restated addonly_flag  n=4  8.419s
  [19/96] robotics-fork        r0 neutral  addonly       n=4  8.692s
  [19/96] robotics-fork        r0 neutral  addonly_merged n=4  8.586s
  [19/96] robotics-fork        r0 neutral  addonly_meta  n=4  8.602s
  [19/96] robotics-fork        r0 neutral  addonly_flag  n=4  8.788s
  [20/96] robotics-fork        r1 restated addonly       n=4  8.556s
  [20/96] robotics-fork        r1 restated addonly_merged n=4  8.703s
  [20/96] robotics-fork        r1 restated addonly_meta  n=4  8.485s
  [20/96] robotics-fork        r1 restated addonly_flag  n=4  8.633s
  [20/96] robotics-fork        r1 neutral  addonly       n=4  8.559s
  [20/96] robotics-fork        r1 neutral  addonly_merged n=4  8.533s
  [20/96] robotics-fork        r1 neutral  addonly_meta  n=4  8.609s
  [20/96] robotics-fork        r1 neutral  addonly_flag  n=4  8.507s
  [21/96] robotics-join        r0 restated addonly       n=2  8.385s
  [21/96] robotics-join        r0 restated addonly_merged n=2  8.425s
  [21/96] robotics-join        r0 restated addonly_meta  n=4  8.529s
  [21/96] robotics-join        r0 restated addonly_flag  n=4  8.768s
  [21/96] robotics-join        r0 neutral  addonly       n=2  8.539s
  [21/96] robotics-join        r0 neutral  addonly_merged n=2  8.689s
  [21/96] robotics-join        r0 neutral  addonly_meta  n=4  8.51s
  [21/96] robotics-join        r0 neutral  addonly_flag  n=4  8.508s
  [22/96] robotics-join        r1 restated addonly       n=4  8.723s
  [22/96] robotics-join        r1 restated addonly_merged n=4  8.888s
  [22/96] robotics-join        r1 restated addonly_meta  n=4  8.834s
  [22/96] robotics-join        r1 restated addonly_flag  n=4  8.618s
  [22/96] robotics-join        r1 neutral  addonly       n=4  8.761s
  [22/96] robotics-join        r1 neutral  addonly_merged n=4  8.65s
  [22/96] robotics-join        r1 neutral  addonly_meta  n=4  8.702s
  [22/96] robotics-join        r1 neutral  addonly_flag  n=4  8.79s
  [23/96] robotics-join        r3 restated addonly       n=4  8.601s
  [23/96] robotics-join        r3 restated addonly_merged n=1  8.413s
  [23/96] robotics-join        r3 restated addonly_meta  n=1  8.445s
  [23/96] robotics-join        r3 restated addonly_flag  n=4  8.553s
  [23/96] robotics-join        r3 neutral  addonly       n=4  8.62s
  [23/96] robotics-join        r3 neutral  addonly_merged n=4  8.607s
  [23/96] robotics-join        r3 neutral  addonly_meta  n=4  8.574s
  [23/96] robotics-join        r3 neutral  addonly_flag  n=4  8.602s
  [24/96] robotics-diamond     r0 restated addonly       n=2  8.508s
  [24/96] robotics-diamond     r0 restated addonly_merged n=2  8.495s
  [24/96] robotics-diamond     r0 restated addonly_meta  n=2  8.466s
  [24/96] robotics-diamond     r0 restated addonly_flag  n=4  8.6s
  [24/96] robotics-diamond     r0 neutral  addonly       n=2  8.476s
  [24/96] robotics-diamond     r0 neutral  addonly_merged n=2  8.487s
  [24/96] robotics-diamond     r0 neutral  addonly_meta  n=2  8.485s
  [24/96] robotics-diamond     r0 neutral  addonly_flag  n=2  8.465s
  [25/96] robotics-diamond     r1 restated addonly       n=4  8.666s
  [25/96] robotics-diamond     r1 restated addonly_merged n=4  8.669s
  [25/96] robotics-diamond     r1 restated addonly_meta  n=4  8.618s
  [25/96] robotics-diamond     r1 restated addonly_flag  n=4  8.574s
  [25/96] robotics-diamond     r1 neutral  addonly       n=4  8.617s
  [25/96] robotics-diamond     r1 neutral  addonly_merged n=4  8.768s
  [25/96] robotics-diamond     r1 neutral  addonly_meta  n=4  8.656s
  [25/96] robotics-diamond     r1 neutral  addonly_flag  n=4  8.715s
  [26/96] robotics-diamond     r3 restated addonly       n=1  8.521s
  [26/96] robotics-diamond     r3 restated addonly_merged n=4  8.627s
  [26/96] robotics-diamond     r3 restated addonly_meta  n=1  8.449s
  [26/96] robotics-diamond     r3 restated addonly_flag  n=4  8.643s
  [26/96] robotics-diamond     r3 neutral  addonly       n=4  8.399s
  [26/96] robotics-diamond     r3 neutral  addonly_merged n=4  8.415s
  [26/96] robotics-diamond     r3 neutral  addonly_meta  n=4  8.498s
  [26/96] robotics-diamond     r3 neutral  addonly_flag  n=4  8.502s
  [27/96] robotics-twochain    r0 restated addonly       n=2  8.365s
  [27/96] robotics-twochain    r0 restated addonly_merged n=2  8.308s
  [27/96] robotics-twochain    r0 restated addonly_meta  n=4  8.387s
  [27/96] robotics-twochain    r0 restated addonly_flag  n=4  8.437s
  [27/96] robotics-twochain    r0 neutral  addonly       n=2  8.301s
  [27/96] robotics-twochain    r0 neutral  addonly_merged n=2  8.322s
  [27/96] robotics-twochain    r0 neutral  addonly_meta  n=4  8.451s
  [27/96] robotics-twochain    r0 neutral  addonly_flag  n=4  8.407s
  [28/96] robotics-twochain    r1 restated addonly       n=4  8.434s
  [28/96] robotics-twochain    r1 restated addonly_merged n=4  8.439s
  [28/96] robotics-twochain    r1 restated addonly_meta  n=4  8.418s
  [28/96] robotics-twochain    r1 restated addonly_flag  n=4  8.412s
  [28/96] robotics-twochain    r1 neutral  addonly       n=4  8.483s
  [28/96] robotics-twochain    r1 neutral  addonly_merged n=4  8.431s
  [28/96] robotics-twochain    r1 neutral  addonly_meta  n=4  8.451s
  [28/96] robotics-twochain    r1 neutral  addonly_flag  n=4  8.412s
  [29/96] robotics-twochain    r3 restated addonly       n=4  8.485s
  [29/96] robotics-twochain    r3 restated addonly_merged n=4  8.445s
  [29/96] robotics-twochain    r3 restated addonly_meta  n=4  8.439s
  [29/96] robotics-twochain    r3 restated addonly_flag  n=4  8.415s
  [29/96] robotics-twochain    r3 neutral  addonly       n=4  8.421s
  [29/96] robotics-twochain    r3 neutral  addonly_merged n=4  8.546s
  [29/96] robotics-twochain    r3 neutral  addonly_meta  n=4  8.533s
  [29/96] robotics-twochain    r3 neutral  addonly_flag  n=4  8.443s
  [30/96] robotics-star        r0 restated addonly       n=4  8.6s
  [30/96] robotics-star        r0 restated addonly_merged n=4  8.547s
  [30/96] robotics-star        r0 restated addonly_meta  n=4  8.622s
  [30/96] robotics-star        r0 restated addonly_flag  n=4  8.554s
  [30/96] robotics-star        r0 neutral  addonly       n=4  8.578s
  [30/96] robotics-star        r0 neutral  addonly_merged n=4  8.559s
  [30/96] robotics-star        r0 neutral  addonly_meta  n=4  8.54s
  [30/96] robotics-star        r0 neutral  addonly_flag  n=4  8.716s
  [31/96] robotics-star        r1 restated addonly       n=4  8.596s
  [31/96] robotics-star        r1 restated addonly_merged n=4  8.502s
  [31/96] robotics-star        r1 restated addonly_meta  n=4  8.527s
  [31/96] robotics-star        r1 restated addonly_flag  n=4  8.503s
  [31/96] robotics-star        r1 neutral  addonly       n=4  8.481s
  [31/96] robotics-star        r1 neutral  addonly_merged n=4  8.467s
  [31/96] robotics-star        r1 neutral  addonly_meta  n=4  8.47s
  [31/96] robotics-star        r1 neutral  addonly_flag  n=4  8.445s
  [32/96] robotics-star        r3 restated addonly       n=4  8.587s
  [32/96] robotics-star        r3 restated addonly_merged n=4  8.536s
  [32/96] robotics-star        r3 restated addonly_meta  n=4  8.461s
  [32/96] robotics-star        r3 restated addonly_flag  n=4  8.498s
  [32/96] robotics-star        r3 neutral  addonly       n=1  8.284s
  [32/96] robotics-star        r3 neutral  addonly_merged n=4  8.427s
  [32/96] robotics-star        r3 neutral  addonly_meta  n=4  8.374s
  [32/96] robotics-star        r3 neutral  addonly_flag  n=4  8.502s
  [33/96] pharmacy-chain       r0 restated addonly       n=1  8.414s
  [33/96] pharmacy-chain       r0 restated addonly_merged n=1  8.309s
  [33/96] pharmacy-chain       r0 restated addonly_meta  n=1  8.368s
  [33/96] pharmacy-chain       r0 restated addonly_flag  n=1  8.239s
  [33/96] pharmacy-chain       r0 neutral  addonly       n=1  8.219s
  [33/96] pharmacy-chain       r0 neutral  addonly_merged n=1  8.266s
  [33/96] pharmacy-chain       r0 neutral  addonly_meta  n=1  8.223s
  [33/96] pharmacy-chain       r0 neutral  addonly_flag  n=1  8.306s
  [34/96] pharmacy-chain       r1 restated addonly       n=4  8.397s
  [34/96] pharmacy-chain       r1 restated addonly_merged n=4  8.337s
  [34/96] pharmacy-chain       r1 restated addonly_meta  n=4  8.404s
  [34/96] pharmacy-chain       r1 restated addonly_flag  n=4  8.404s
  [34/96] pharmacy-chain       r1 neutral  addonly       n=4  8.402s
  [34/96] pharmacy-chain       r1 neutral  addonly_merged n=4  8.393s
  [34/96] pharmacy-chain       r1 neutral  addonly_meta  n=4  8.439s
  [34/96] pharmacy-chain       r1 neutral  addonly_flag  n=4  8.387s
  [35/96] pharmacy-fork        r0 restated addonly       n=2  8.307s
  [35/96] pharmacy-fork        r0 restated addonly_merged n=4  8.41s
  [35/96] pharmacy-fork        r0 restated addonly_meta  n=2  8.372s
  [35/96] pharmacy-fork        r0 restated addonly_flag  n=4  8.438s
  [35/96] pharmacy-fork        r0 neutral  addonly       n=2  8.376s
  [35/96] pharmacy-fork        r0 neutral  addonly_merged n=4  8.475s
  [35/96] pharmacy-fork        r0 neutral  addonly_meta  n=1  8.317s
  [35/96] pharmacy-fork        r0 neutral  addonly_flag  n=4  8.445s
  [36/96] pharmacy-fork        r1 restated addonly       n=4  8.417s
  [36/96] pharmacy-fork        r1 restated addonly_merged n=4  8.574s
  [36/96] pharmacy-fork        r1 restated addonly_meta  n=4  8.498s
  [36/96] pharmacy-fork        r1 restated addonly_flag  n=4  8.197s
  [36/96] pharmacy-fork        r1 neutral  addonly       n=4  8.506s
  [36/96] pharmacy-fork        r1 neutral  addonly_merged n=4  8.46s
  [36/96] pharmacy-fork        r1 neutral  addonly_meta  n=4  8.391s
  [36/96] pharmacy-fork        r1 neutral  addonly_flag  n=4  8.45s
  [37/96] pharmacy-join        r0 restated addonly       n=2  8.399s
  [37/96] pharmacy-join        r0 restated addonly_merged n=2  8.434s
  [37/96] pharmacy-join        r0 restated addonly_meta  n=2  8.34s
  [37/96] pharmacy-join        r0 restated addonly_flag  n=4  8.476s
  [37/96] pharmacy-join        r0 neutral  addonly       n=2  8.366s
  [37/96] pharmacy-join        r0 neutral  addonly_merged n=2  8.295s
  [37/96] pharmacy-join        r0 neutral  addonly_meta  n=2  8.289s
  [37/96] pharmacy-join        r0 neutral  addonly_flag  n=4  8.479s
  [38/96] pharmacy-join        r1 restated addonly       n=1  8.301s
  [38/96] pharmacy-join        r1 restated addonly_merged n=4  8.453s
  [38/96] pharmacy-join        r1 restated addonly_meta  n=1  8.311s
  [38/96] pharmacy-join        r1 restated addonly_flag  n=4  8.426s
  [38/96] pharmacy-join        r1 neutral  addonly       n=1  8.321s
  [38/96] pharmacy-join        r1 neutral  addonly_merged n=4  8.574s
  [38/96] pharmacy-join        r1 neutral  addonly_meta  n=1  8.345s
  [38/96] pharmacy-join        r1 neutral  addonly_flag  n=4  8.479s
  [39/96] pharmacy-join        r3 restated addonly       n=4  8.41s
  [39/96] pharmacy-join        r3 restated addonly_merged n=4  8.397s
  [39/96] pharmacy-join        r3 restated addonly_meta  n=4  8.49s
  [39/96] pharmacy-join        r3 restated addonly_flag  n=4  8.444s
  [39/96] pharmacy-join        r3 neutral  addonly       n=4  8.488s
  [39/96] pharmacy-join        r3 neutral  addonly_merged n=4  8.444s
  [39/96] pharmacy-join        r3 neutral  addonly_meta  n=4  8.479s
  [39/96] pharmacy-join        r3 neutral  addonly_flag  n=4  8.405s
  [40/96] pharmacy-diamond     r0 restated addonly       n=4  8.448s
  [40/96] pharmacy-diamond     r0 restated addonly_merged n=4  8.566s
  [40/96] pharmacy-diamond     r0 restated addonly_meta  n=4  8.534s
  [40/96] pharmacy-diamond     r0 restated addonly_flag  n=4  8.504s
  [40/96] pharmacy-diamond     r0 neutral  addonly       n=4  8.467s
  [40/96] pharmacy-diamond     r0 neutral  addonly_merged n=4  8.553s
  [40/96] pharmacy-diamond     r0 neutral  addonly_meta  n=4  8.633s
  [40/96] pharmacy-diamond     r0 neutral  addonly_flag  n=4  8.501s
  [41/96] pharmacy-diamond     r1 restated addonly       n=4  8.491s
  [41/96] pharmacy-diamond     r1 restated addonly_merged n=4  8.48s
  [41/96] pharmacy-diamond     r1 restated addonly_meta  n=4  8.441s
  [41/96] pharmacy-diamond     r1 restated addonly_flag  n=4  8.43s
  [41/96] pharmacy-diamond     r1 neutral  addonly       n=4  8.414s
  [41/96] pharmacy-diamond     r1 neutral  addonly_merged n=4  8.496s
  [41/96] pharmacy-diamond     r1 neutral  addonly_meta  n=4  8.443s
  [41/96] pharmacy-diamond     r1 neutral  addonly_flag  n=4  8.455s
  [42/96] pharmacy-diamond     r3 restated addonly       n=1  8.319s
  [42/96] pharmacy-diamond     r3 restated addonly_merged n=2  8.363s
  [42/96] pharmacy-diamond     r3 restated addonly_meta  n=4  8.433s
  [42/96] pharmacy-diamond     r3 restated addonly_flag  n=4  8.432s
  [42/96] pharmacy-diamond     r3 neutral  addonly       n=4  8.462s
  [42/96] pharmacy-diamond     r3 neutral  addonly_merged n=4  8.361s
  [42/96] pharmacy-diamond     r3 neutral  addonly_meta  n=4  8.374s
  [42/96] pharmacy-diamond     r3 neutral  addonly_flag  n=4  8.409s
  [43/96] pharmacy-twochain    r0 restated addonly       n=2  8.354s
  [43/96] pharmacy-twochain    r0 restated addonly_merged n=2  8.319s
  [43/96] pharmacy-twochain    r0 restated addonly_meta  n=2  8.309s
  [43/96] pharmacy-twochain    r0 restated addonly_flag  n=2  8.28s
  [43/96] pharmacy-twochain    r0 neutral  addonly       n=2  8.323s
  [43/96] pharmacy-twochain    r0 neutral  addonly_merged n=2  8.414s
  [43/96] pharmacy-twochain    r0 neutral  addonly_meta  n=2  8.306s
  [43/96] pharmacy-twochain    r0 neutral  addonly_flag  n=4  8.535s
  [44/96] pharmacy-twochain    r1 restated addonly       n=4  8.473s
  [44/96] pharmacy-twochain    r1 restated addonly_merged n=4  8.512s
  [44/96] pharmacy-twochain    r1 restated addonly_meta  n=4  8.461s
  [44/96] pharmacy-twochain    r1 restated addonly_flag  n=4  8.453s
  [44/96] pharmacy-twochain    r1 neutral  addonly       n=4  8.481s
  [44/96] pharmacy-twochain    r1 neutral  addonly_merged n=4  8.453s
  [44/96] pharmacy-twochain    r1 neutral  addonly_meta  n=4  8.467s
  [44/96] pharmacy-twochain    r1 neutral  addonly_flag  n=4  8.451s
  [45/96] pharmacy-twochain    r3 restated addonly       n=4  8.43s
  [45/96] pharmacy-twochain    r3 restated addonly_merged n=4  8.536s
  [45/96] pharmacy-twochain    r3 restated addonly_meta  n=4  8.591s
  [45/96] pharmacy-twochain    r3 restated addonly_flag  n=4  8.476s
  [45/96] pharmacy-twochain    r3 neutral  addonly       n=4  8.548s
  [45/96] pharmacy-twochain    r3 neutral  addonly_merged n=4  8.513s
  [45/96] pharmacy-twochain    r3 neutral  addonly_meta  n=4  8.508s
  [45/96] pharmacy-twochain    r3 neutral  addonly_flag  n=4  8.472s
  [46/96] pharmacy-star        r0 restated addonly       n=2  8.302s
  [46/96] pharmacy-star        r0 restated addonly_merged n=2  8.381s
  [46/96] pharmacy-star        r0 restated addonly_meta  n=2  8.309s
  [46/96] pharmacy-star        r0 restated addonly_flag  n=2  8.329s
  [46/96] pharmacy-star        r0 neutral  addonly       n=2  8.313s
  [46/96] pharmacy-star        r0 neutral  addonly_merged n=2  8.31s
  [46/96] pharmacy-star        r0 neutral  addonly_meta  n=2  8.294s
  [46/96] pharmacy-star        r0 neutral  addonly_flag  n=2  8.285s
  [47/96] pharmacy-star        r1 restated addonly       n=4  8.444s
  [47/96] pharmacy-star        r1 restated addonly_merged n=4  8.435s
  [47/96] pharmacy-star        r1 restated addonly_meta  n=4  8.467s
  [47/96] pharmacy-star        r1 restated addonly_flag  n=4  8.417s
  [47/96] pharmacy-star        r1 neutral  addonly       n=4  8.43s
  [47/96] pharmacy-star        r1 neutral  addonly_merged n=4  8.518s
  [47/96] pharmacy-star        r1 neutral  addonly_meta  n=4  8.494s
  [47/96] pharmacy-star        r1 neutral  addonly_flag  n=4  8.468s
  [48/96] pharmacy-star        r3 restated addonly       n=1  8.267s
  [48/96] pharmacy-star        r3 restated addonly_merged n=1  8.285s
  [48/96] pharmacy-star        r3 restated addonly_meta  n=4  8.479s
  [48/96] pharmacy-star        r3 restated addonly_flag  n=4  8.484s
  [48/96] pharmacy-star        r3 neutral  addonly       n=1  8.32s
  [48/96] pharmacy-star        r3 neutral  addonly_merged n=1  8.248s
  [48/96] pharmacy-star        r3 neutral  addonly_meta  n=4  8.482s
  [48/96] pharmacy-star        r3 neutral  addonly_flag  n=4  8.471s
  [49/96] satellite-chain      r0 restated addonly       n=1  8.388s
  [49/96] satellite-chain      r0 restated addonly_merged n=4  8.524s
  [49/96] satellite-chain      r0 restated addonly_meta  n=4  8.49s
  [49/96] satellite-chain      r0 restated addonly_flag  n=4  8.499s
  [49/96] satellite-chain      r0 neutral  addonly       n=1  8.329s
  [49/96] satellite-chain      r0 neutral  addonly_merged n=1  8.442s
  [49/96] satellite-chain      r0 neutral  addonly_meta  n=4  8.451s
  [49/96] satellite-chain      r0 neutral  addonly_flag  n=4  8.515s
  [50/96] satellite-chain      r1 restated addonly       n=1  8.329s
  [50/96] satellite-chain      r1 restated addonly_merged n=1  8.34s
  [50/96] satellite-chain      r1 restated addonly_meta  n=1  8.354s
  [50/96] satellite-chain      r1 restated addonly_flag  n=4  8.526s
  [50/96] satellite-chain      r1 neutral  addonly       n=1  8.343s
  [50/96] satellite-chain      r1 neutral  addonly_merged n=1  8.351s
  [50/96] satellite-chain      r1 neutral  addonly_meta  n=4  8.556s
  [50/96] satellite-chain      r1 neutral  addonly_flag  n=4  8.482s
  [51/96] satellite-fork       r0 restated addonly       n=1  8.334s
  [51/96] satellite-fork       r0 restated addonly_merged n=1  8.346s
  [51/96] satellite-fork       r0 restated addonly_meta  n=1  8.363s
  [51/96] satellite-fork       r0 restated addonly_flag  n=1  8.453s
  [51/96] satellite-fork       r0 neutral  addonly       n=1  8.389s
  [51/96] satellite-fork       r0 neutral  addonly_merged n=1  8.464s
  [51/96] satellite-fork       r0 neutral  addonly_meta  n=1  8.347s
  [51/96] satellite-fork       r0 neutral  addonly_flag  n=1  8.409s
  [52/96] satellite-fork       r1 restated addonly       n=1  8.393s
  [52/96] satellite-fork       r1 restated addonly_merged n=4  8.439s
  [52/96] satellite-fork       r1 restated addonly_meta  n=1  8.289s
  [52/96] satellite-fork       r1 restated addonly_flag  n=4  8.526s
  [52/96] satellite-fork       r1 neutral  addonly       n=1  8.342s
  [52/96] satellite-fork       r1 neutral  addonly_merged n=4  8.456s
  [52/96] satellite-fork       r1 neutral  addonly_meta  n=1  8.366s
  [52/96] satellite-fork       r1 neutral  addonly_flag  n=4  8.546s
  [53/96] satellite-join       r0 restated addonly       n=4  8.564s
  [53/96] satellite-join       r0 restated addonly_merged n=4  8.506s
  [53/96] satellite-join       r0 restated addonly_meta  n=4  8.611s
  [53/96] satellite-join       r0 restated addonly_flag  n=4  8.533s
  [53/96] satellite-join       r0 neutral  addonly       n=4  8.48s
  [53/96] satellite-join       r0 neutral  addonly_merged n=4  8.495s
  [53/96] satellite-join       r0 neutral  addonly_meta  n=4  8.503s
  [53/96] satellite-join       r0 neutral  addonly_flag  n=4  8.515s
  [54/96] satellite-join       r1 restated addonly       n=4  8.53s
  [54/96] satellite-join       r1 restated addonly_merged n=4  8.51s
  [54/96] satellite-join       r1 restated addonly_meta  n=4  8.533s
  [54/96] satellite-join       r1 restated addonly_flag  n=4  8.495s
  [54/96] satellite-join       r1 neutral  addonly       n=4  8.532s
  [54/96] satellite-join       r1 neutral  addonly_merged n=4  8.478s
  [54/96] satellite-join       r1 neutral  addonly_meta  n=4  8.499s
  [54/96] satellite-join       r1 neutral  addonly_flag  n=4  8.446s
  [55/96] satellite-join       r3 restated addonly       n=4  8.488s
  [55/96] satellite-join       r3 restated addonly_merged n=4  8.496s
  [55/96] satellite-join       r3 restated addonly_meta  n=4  8.452s
  [55/96] satellite-join       r3 restated addonly_flag  n=4  8.462s
  [55/96] satellite-join       r3 neutral  addonly       n=4  8.513s
  [55/96] satellite-join       r3 neutral  addonly_merged n=4  8.457s
  [55/96] satellite-join       r3 neutral  addonly_meta  n=4  8.516s
  [55/96] satellite-join       r3 neutral  addonly_flag  n=4  8.481s
  [56/96] satellite-diamond    r0 restated addonly       n=4  8.524s
  [56/96] satellite-diamond    r0 restated addonly_merged n=4  8.52s
  [56/96] satellite-diamond    r0 restated addonly_meta  n=4  8.528s
  [56/96] satellite-diamond    r0 restated addonly_flag  n=4  8.491s
  [56/96] satellite-diamond    r0 neutral  addonly       n=4  8.555s
  [56/96] satellite-diamond    r0 neutral  addonly_merged n=4  8.463s
  [56/96] satellite-diamond    r0 neutral  addonly_meta  n=4  8.494s
  [56/96] satellite-diamond    r0 neutral  addonly_flag  n=4  8.563s
  [57/96] satellite-diamond    r1 restated addonly       n=1  8.312s
  [57/96] satellite-diamond    r1 restated addonly_merged n=2  8.415s
  [57/96] satellite-diamond    r1 restated addonly_meta  n=4  8.605s
  [57/96] satellite-diamond    r1 restated addonly_flag  n=4  8.517s
  [57/96] satellite-diamond    r1 neutral  addonly       n=1  8.333s
  [57/96] satellite-diamond    r1 neutral  addonly_merged n=2  8.405s
  [57/96] satellite-diamond    r1 neutral  addonly_meta  n=4  8.51s
  [57/96] satellite-diamond    r1 neutral  addonly_flag  n=4  8.49s
  [58/96] satellite-diamond    r3 restated addonly       n=4  8.49s
  [58/96] satellite-diamond    r3 restated addonly_merged n=4  8.626s
  [58/96] satellite-diamond    r3 restated addonly_meta  n=4  8.524s
  [58/96] satellite-diamond    r3 restated addonly_flag  n=1  8.364s
  [58/96] satellite-diamond    r3 neutral  addonly       n=4  8.521s
  [58/96] satellite-diamond    r3 neutral  addonly_merged n=1  8.364s
  [58/96] satellite-diamond    r3 neutral  addonly_meta  n=4  8.485s
  [58/96] satellite-diamond    r3 neutral  addonly_flag  n=1  8.331s
  [59/96] satellite-twochain   r0 restated addonly       n=4  8.43s
  [59/96] satellite-twochain   r0 restated addonly_merged n=4  8.413s
  [59/96] satellite-twochain   r0 restated addonly_meta  n=4  8.517s
  [59/96] satellite-twochain   r0 restated addonly_flag  n=4  8.561s
  [59/96] satellite-twochain   r0 neutral  addonly       n=4  8.671s
  [59/96] satellite-twochain   r0 neutral  addonly_merged n=4  8.673s
  [59/96] satellite-twochain   r0 neutral  addonly_meta  n=4  8.553s
  [59/96] satellite-twochain   r0 neutral  addonly_flag  n=4  8.682s
  [60/96] satellite-twochain   r1 restated addonly       n=4  8.697s
  [60/96] satellite-twochain   r1 restated addonly_merged n=4  8.51s
  [60/96] satellite-twochain   r1 restated addonly_meta  n=4  8.492s
  [60/96] satellite-twochain   r1 restated addonly_flag  n=4  8.429s
  [60/96] satellite-twochain   r1 neutral  addonly       n=4  8.425s
  [60/96] satellite-twochain   r1 neutral  addonly_merged n=4  8.573s
  [60/96] satellite-twochain   r1 neutral  addonly_meta  n=4  8.451s
  [60/96] satellite-twochain   r1 neutral  addonly_flag  n=4  8.467s
  [61/96] satellite-twochain   r3 restated addonly       n=4  8.528s
  [61/96] satellite-twochain   r3 restated addonly_merged n=4  8.513s
  [61/96] satellite-twochain   r3 restated addonly_meta  n=4  8.439s
  [61/96] satellite-twochain   r3 restated addonly_flag  n=4  8.446s
  [61/96] satellite-twochain   r3 neutral  addonly       n=4  8.502s
  [61/96] satellite-twochain   r3 neutral  addonly_merged n=4  8.421s
  [61/96] satellite-twochain   r3 neutral  addonly_meta  n=4  8.479s
  [61/96] satellite-twochain   r3 neutral  addonly_flag  n=4  8.696s
  [62/96] satellite-star       r0 restated addonly       n=2  8.621s
  [62/96] satellite-star       r0 restated addonly_merged n=2  8.424s
  [62/96] satellite-star       r0 restated addonly_meta  n=2  8.758s
  [62/96] satellite-star       r0 restated addonly_flag  n=2  8.495s
  [62/96] satellite-star       r0 neutral  addonly       n=2  8.521s
  [62/96] satellite-star       r0 neutral  addonly_merged n=2  8.341s
  [62/96] satellite-star       r0 neutral  addonly_meta  n=2  8.342s
  [62/96] satellite-star       r0 neutral  addonly_flag  n=2  8.31s
  [63/96] satellite-star       r1 restated addonly       n=1  8.378s
  [63/96] satellite-star       r1 restated addonly_merged n=1  8.32s
  [63/96] satellite-star       r1 restated addonly_meta  n=1  8.274s
  [63/96] satellite-star       r1 restated addonly_flag  n=4  8.444s
  [63/96] satellite-star       r1 neutral  addonly       n=1  8.288s
  [63/96] satellite-star       r1 neutral  addonly_merged n=4  8.473s
  [63/96] satellite-star       r1 neutral  addonly_meta  n=1  8.318s
  [63/96] satellite-star       r1 neutral  addonly_flag  n=4  8.498s
  [64/96] satellite-star       r3 restated addonly       n=1  8.656s
  [64/96] satellite-star       r3 restated addonly_merged n=1  8.452s
  [64/96] satellite-star       r3 restated addonly_meta  n=4  8.721s
  [64/96] satellite-star       r3 restated addonly_flag  n=1  8.291s
  [64/96] satellite-star       r3 neutral  addonly       n=1  8.419s
  [64/96] satellite-star       r3 neutral  addonly_merged n=1  8.589s
  [64/96] satellite-star       r3 neutral  addonly_meta  n=4  8.605s
  [64/96] satellite-star       r3 neutral  addonly_flag  n=4  8.543s
  [65/96] brewery-chain        r0 restated addonly       n=4  8.744s
  [65/96] brewery-chain        r0 restated addonly_merged n=4  8.589s
  [65/96] brewery-chain        r0 restated addonly_meta  n=4  8.543s
  [65/96] brewery-chain        r0 restated addonly_flag  n=1  8.537s
  [65/96] brewery-chain        r0 neutral  addonly       n=4  8.688s
  [65/96] brewery-chain        r0 neutral  addonly_merged n=4  8.899s
  [65/96] brewery-chain        r0 neutral  addonly_meta  n=4  8.848s
  [65/96] brewery-chain        r0 neutral  addonly_flag  n=1  9.077s
  [66/96] brewery-chain        r1 restated addonly       n=4  8.85s
  [66/96] brewery-chain        r1 restated addonly_merged n=4  8.725s
  [66/96] brewery-chain        r1 restated addonly_meta  n=4  8.968s
  [66/96] brewery-chain        r1 restated addonly_flag  n=4  8.681s
  [66/96] brewery-chain        r1 neutral  addonly       n=4  8.537s
  [66/96] brewery-chain        r1 neutral  addonly_merged n=4  8.598s
  [66/96] brewery-chain        r1 neutral  addonly_meta  n=4  8.887s
  [66/96] brewery-chain        r1 neutral  addonly_flag  n=4  8.8s
  [67/96] brewery-fork         r0 restated addonly       n=4  8.701s
  [67/96] brewery-fork         r0 restated addonly_merged n=4  8.616s
  [67/96] brewery-fork         r0 restated addonly_meta  n=4  8.679s
  [67/96] brewery-fork         r0 restated addonly_flag  n=4  8.636s
  [67/96] brewery-fork         r0 neutral  addonly       n=4  8.663s
  [67/96] brewery-fork         r0 neutral  addonly_merged n=4  8.666s
  [67/96] brewery-fork         r0 neutral  addonly_meta  n=4  8.791s
  [67/96] brewery-fork         r0 neutral  addonly_flag  n=4  8.562s
  [68/96] brewery-fork         r1 restated addonly       n=4  8.752s
  [68/96] brewery-fork         r1 restated addonly_merged n=4  8.677s
  [68/96] brewery-fork         r1 restated addonly_meta  n=4  8.548s
  [68/96] brewery-fork         r1 restated addonly_flag  n=4  8.426s
  [68/96] brewery-fork         r1 neutral  addonly       n=4  8.47s
  [68/96] brewery-fork         r1 neutral  addonly_merged n=4  8.585s
  [68/96] brewery-fork         r1 neutral  addonly_meta  n=4  8.527s
  [68/96] brewery-fork         r1 neutral  addonly_flag  n=4  8.557s
  [69/96] brewery-join         r0 restated addonly       n=2  8.936s
  [69/96] brewery-join         r0 restated addonly_merged n=2  8.513s
  [69/96] brewery-join         r0 restated addonly_meta  n=2  8.603s
  [69/96] brewery-join         r0 restated addonly_flag  n=2  8.582s
  [69/96] brewery-join         r0 neutral  addonly       n=2  8.392s
  [69/96] brewery-join         r0 neutral  addonly_merged n=2  8.558s
  [69/96] brewery-join         r0 neutral  addonly_meta  n=2  8.618s
  [69/96] brewery-join         r0 neutral  addonly_flag  n=2  8.677s
  [70/96] brewery-join         r1 restated addonly       n=4  8.983s
  [70/96] brewery-join         r1 restated addonly_merged n=4  8.62s
  [70/96] brewery-join         r1 restated addonly_meta  n=4  8.66s
  [70/96] brewery-join         r1 restated addonly_flag  n=4  8.586s
  [70/96] brewery-join         r1 neutral  addonly       n=4  8.594s
  [70/96] brewery-join         r1 neutral  addonly_merged n=4  8.502s
  [70/96] brewery-join         r1 neutral  addonly_meta  n=4  8.515s
  [70/96] brewery-join         r1 neutral  addonly_flag  n=4  8.517s
  [71/96] brewery-join         r3 restated addonly       n=4  8.6s
  [71/96] brewery-join         r3 restated addonly_merged n=4  8.506s
  [71/96] brewery-join         r3 restated addonly_meta  n=4  8.59s
  [71/96] brewery-join         r3 restated addonly_flag  n=4  8.487s
  [71/96] brewery-join         r3 neutral  addonly       n=4  8.596s
  [71/96] brewery-join         r3 neutral  addonly_merged n=4  8.502s
  [71/96] brewery-join         r3 neutral  addonly_meta  n=4  8.518s
  [71/96] brewery-join         r3 neutral  addonly_flag  n=4  8.523s
  [72/96] brewery-diamond      r0 restated addonly       n=4  8.515s
  [72/96] brewery-diamond      r0 restated addonly_merged n=4  8.502s
  [72/96] brewery-diamond      r0 restated addonly_meta  n=4  8.552s
  [72/96] brewery-diamond      r0 restated addonly_flag  n=4  8.48s
  [72/96] brewery-diamond      r0 neutral  addonly       n=4  8.468s
  [72/96] brewery-diamond      r0 neutral  addonly_merged n=4  8.473s
  [72/96] brewery-diamond      r0 neutral  addonly_meta  n=4  8.508s
  [72/96] brewery-diamond      r0 neutral  addonly_flag  n=4  8.542s
  [73/96] brewery-diamond      r1 restated addonly       n=4  8.533s
  [73/96] brewery-diamond      r1 restated addonly_merged n=4  8.482s
  [73/96] brewery-diamond      r1 restated addonly_meta  n=4  8.484s
  [73/96] brewery-diamond      r1 restated addonly_flag  n=4  8.524s
  [73/96] brewery-diamond      r1 neutral  addonly       n=4  8.58s
  [73/96] brewery-diamond      r1 neutral  addonly_merged n=4  8.601s
  [73/96] brewery-diamond      r1 neutral  addonly_meta  n=4  8.584s
  [73/96] brewery-diamond      r1 neutral  addonly_flag  n=4  8.651s
  [74/96] brewery-diamond      r3 restated addonly       n=1  8.407s
  [74/96] brewery-diamond      r3 restated addonly_merged n=1  8.738s
  [74/96] brewery-diamond      r3 restated addonly_meta  n=1  8.84s
  [74/96] brewery-diamond      r3 restated addonly_flag  n=1  8.598s
  [74/96] brewery-diamond      r3 neutral  addonly       n=1  8.33s
  [74/96] brewery-diamond      r3 neutral  addonly_merged n=1  8.371s
  [74/96] brewery-diamond      r3 neutral  addonly_meta  n=1  8.375s
  [74/96] brewery-diamond      r3 neutral  addonly_flag  n=1  8.318s
  [75/96] brewery-twochain     r0 restated addonly       n=2  8.41s
  [75/96] brewery-twochain     r0 restated addonly_merged n=2  8.333s
  [75/96] brewery-twochain     r0 restated addonly_meta  n=2  8.381s
  [75/96] brewery-twochain     r0 restated addonly_flag  n=1  8.323s
  [75/96] brewery-twochain     r0 neutral  addonly       n=2  8.388s
  [75/96] brewery-twochain     r0 neutral  addonly_merged n=2  8.381s
  [75/96] brewery-twochain     r0 neutral  addonly_meta  n=2  8.411s
  [75/96] brewery-twochain     r0 neutral  addonly_flag  n=4  8.539s
  [76/96] brewery-twochain     r1 restated addonly       n=4  8.532s
  [76/96] brewery-twochain     r1 restated addonly_merged n=4  8.552s
  [76/96] brewery-twochain     r1 restated addonly_meta  n=4  8.534s
  [76/96] brewery-twochain     r1 restated addonly_flag  n=4  8.8s
  [76/96] brewery-twochain     r1 neutral  addonly       n=4  8.798s
  [76/96] brewery-twochain     r1 neutral  addonly_merged n=4  8.81s
  [76/96] brewery-twochain     r1 neutral  addonly_meta  n=4  8.957s
  [76/96] brewery-twochain     r1 neutral  addonly_flag  n=4  8.767s
  [77/96] brewery-twochain     r3 restated addonly       n=1  8.704s
  [77/96] brewery-twochain     r3 restated addonly_merged n=1  8.364s
  [77/96] brewery-twochain     r3 restated addonly_meta  n=1  8.639s
  [77/96] brewery-twochain     r3 restated addonly_flag  n=2  8.701s
  [77/96] brewery-twochain     r3 neutral  addonly       n=1  9.246s
  [77/96] brewery-twochain     r3 neutral  addonly_merged n=1  8.191s
  [77/96] brewery-twochain     r3 neutral  addonly_meta  n=1  8.197s
  [77/96] brewery-twochain     r3 neutral  addonly_flag  n=2  8.167s
  [78/96] brewery-star         r0 restated addonly       n=2  8.155s
  [78/96] brewery-star         r0 restated addonly_merged n=2  8.305s
  [78/96] brewery-star         r0 restated addonly_meta  n=2  8.293s
  [78/96] brewery-star         r0 restated addonly_flag  n=2  8.377s
  [78/96] brewery-star         r0 neutral  addonly       n=2  8.546s
  [78/96] brewery-star         r0 neutral  addonly_merged n=2  8.505s
  [78/96] brewery-star         r0 neutral  addonly_meta  n=2  8.284s
  [78/96] brewery-star         r0 neutral  addonly_flag  n=4  8.889s
  [79/96] brewery-star         r1 restated addonly       n=1  8.382s
  [79/96] brewery-star         r1 restated addonly_merged n=4  8.581s
  [79/96] brewery-star         r1 restated addonly_meta  n=4  8.522s
  [79/96] brewery-star         r1 restated addonly_flag  n=4  8.451s
  [79/96] brewery-star         r1 neutral  addonly       n=4  8.643s
  [79/96] brewery-star         r1 neutral  addonly_merged n=4  8.425s
  [79/96] brewery-star         r1 neutral  addonly_meta  n=4  8.516s
  [79/96] brewery-star         r1 neutral  addonly_flag  n=4  8.497s
  [80/96] brewery-star         r3 restated addonly       n=4  8.453s
  [80/96] brewery-star         r3 restated addonly_merged n=4  8.49s
  [80/96] brewery-star         r3 restated addonly_meta  n=4  8.468s
  [80/96] brewery-star         r3 restated addonly_flag  n=4  8.69s
  [80/96] brewery-star         r3 neutral  addonly       n=4  8.421s
  [80/96] brewery-star         r3 neutral  addonly_merged n=4  8.361s
  [80/96] brewery-star         r3 neutral  addonly_meta  n=4  8.461s
  [80/96] brewery-star         r3 neutral  addonly_flag  n=4  8.386s
  [81/96] rail-chain           r0 restated addonly       n=4  8.474s
  [81/96] rail-chain           r0 restated addonly_merged n=4  8.439s
  [81/96] rail-chain           r0 restated addonly_meta  n=4  8.396s
  [81/96] rail-chain           r0 restated addonly_flag  n=4  8.355s
  [81/96] rail-chain           r0 neutral  addonly       n=4  8.399s
  [81/96] rail-chain           r0 neutral  addonly_merged n=4  8.377s
  [81/96] rail-chain           r0 neutral  addonly_meta  n=4  8.377s
  [81/96] rail-chain           r0 neutral  addonly_flag  n=4  8.268s
  [82/96] rail-chain           r1 restated addonly       n=4  8.323s
  [82/96] rail-chain           r1 restated addonly_merged n=4  8.344s
  [82/96] rail-chain           r1 restated addonly_meta  n=4  8.33s
  [82/96] rail-chain           r1 restated addonly_flag  n=4  8.375s
  [82/96] rail-chain           r1 neutral  addonly       n=4  8.363s
  [82/96] rail-chain           r1 neutral  addonly_merged n=4  8.582s
  [82/96] rail-chain           r1 neutral  addonly_meta  n=4  8.485s
  [82/96] rail-chain           r1 neutral  addonly_flag  n=4  8.587s
  [83/96] rail-fork            r0 restated addonly       n=1  8.389s
  [83/96] rail-fork            r0 restated addonly_merged n=1  8.322s
  [83/96] rail-fork            r0 restated addonly_meta  n=1  8.39s
  [83/96] rail-fork            r0 restated addonly_flag  n=4  8.657s
  [83/96] rail-fork            r0 neutral  addonly       n=4  8.346s
  [83/96] rail-fork            r0 neutral  addonly_merged n=4  8.357s
  [83/96] rail-fork            r0 neutral  addonly_meta  n=4  8.282s
  [83/96] rail-fork            r0 neutral  addonly_flag  n=4  8.357s
  [84/96] rail-fork            r1 restated addonly       n=4  8.442s
  [84/96] rail-fork            r1 restated addonly_merged n=4  8.353s
  [84/96] rail-fork            r1 restated addonly_meta  n=4  8.324s
  [84/96] rail-fork            r1 restated addonly_flag  n=4  8.381s
  [84/96] rail-fork            r1 neutral  addonly       n=4  8.383s
  [84/96] rail-fork            r1 neutral  addonly_merged n=4  8.421s
  [84/96] rail-fork            r1 neutral  addonly_meta  n=4  8.317s
  [84/96] rail-fork            r1 neutral  addonly_flag  n=4  8.598s
  [85/96] rail-join            r0 restated addonly       n=4  8.553s
  [85/96] rail-join            r0 restated addonly_merged n=4  8.57s
  [85/96] rail-join            r0 restated addonly_meta  n=4  8.394s
  [85/96] rail-join            r0 restated addonly_flag  n=4  8.408s
  [85/96] rail-join            r0 neutral  addonly       n=4  8.388s
  [85/96] rail-join            r0 neutral  addonly_merged n=4  8.472s
  [85/96] rail-join            r0 neutral  addonly_meta  n=4  8.474s
  [85/96] rail-join            r0 neutral  addonly_flag  n=4  8.494s
  [86/96] rail-join            r1 restated addonly       n=4  8.425s
  [86/96] rail-join            r1 restated addonly_merged n=4  8.46s
  [86/96] rail-join            r1 restated addonly_meta  n=4  8.433s
  [86/96] rail-join            r1 restated addonly_flag  n=4  8.443s
  [86/96] rail-join            r1 neutral  addonly       n=4  8.408s
  [86/96] rail-join            r1 neutral  addonly_merged n=4  8.376s
  [86/96] rail-join            r1 neutral  addonly_meta  n=4  8.628s
  [86/96] rail-join            r1 neutral  addonly_flag  n=4  8.41s
  [87/96] rail-join            r3 restated addonly       n=4  8.338s
  [87/96] rail-join            r3 restated addonly_merged n=4  8.413s
  [87/96] rail-join            r3 restated addonly_meta  n=4  8.73s
  [87/96] rail-join            r3 restated addonly_flag  n=4  8.622s
  [87/96] rail-join            r3 neutral  addonly       n=4  8.62s
  [87/96] rail-join            r3 neutral  addonly_merged n=4  8.498s
  [87/96] rail-join            r3 neutral  addonly_meta  n=4  8.446s
  [87/96] rail-join            r3 neutral  addonly_flag  n=4  8.489s
  [88/96] rail-diamond         r0 restated addonly       n=4  8.449s
  [88/96] rail-diamond         r0 restated addonly_merged n=4  8.48s
  [88/96] rail-diamond         r0 restated addonly_meta  n=4  8.444s
  [88/96] rail-diamond         r0 restated addonly_flag  n=4  8.65s
  [88/96] rail-diamond         r0 neutral  addonly       n=4  8.465s
  [88/96] rail-diamond         r0 neutral  addonly_merged n=4  8.37s
  [88/96] rail-diamond         r0 neutral  addonly_meta  n=4  8.396s
  [88/96] rail-diamond         r0 neutral  addonly_flag  n=4  8.376s
  [89/96] rail-diamond         r1 restated addonly       n=4  8.461s
  [89/96] rail-diamond         r1 restated addonly_merged n=4  8.566s
  [89/96] rail-diamond         r1 restated addonly_meta  n=4  8.495s
  [89/96] rail-diamond         r1 restated addonly_flag  n=4  8.508s
  [89/96] rail-diamond         r1 neutral  addonly       n=4  8.473s
  [89/96] rail-diamond         r1 neutral  addonly_merged n=4  8.452s
  [89/96] rail-diamond         r1 neutral  addonly_meta  n=4  8.388s
  [89/96] rail-diamond         r1 neutral  addonly_flag  n=4  8.498s
  [90/96] rail-diamond         r3 restated addonly       n=1  8.324s
  [90/96] rail-diamond         r3 restated addonly_merged n=1  8.302s
  [90/96] rail-diamond         r3 restated addonly_meta  n=4  8.594s
  [90/96] rail-diamond         r3 restated addonly_flag  n=4  8.485s
  [90/96] rail-diamond         r3 neutral  addonly       n=1  8.333s
  [90/96] rail-diamond         r3 neutral  addonly_merged n=1  8.499s
  [90/96] rail-diamond         r3 neutral  addonly_meta  n=4  8.516s
  [90/96] rail-diamond         r3 neutral  addonly_flag  n=4  8.454s
  [91/96] rail-twochain        r0 restated addonly       n=4  8.455s
  [91/96] rail-twochain        r0 restated addonly_merged n=4  8.395s
  [91/96] rail-twochain        r0 restated addonly_meta  n=5  8.5s
  [91/96] rail-twochain        r0 restated addonly_flag  n=4  8.292s
  [91/96] rail-twochain        r0 neutral  addonly       n=0  PARSE-FAIL  8.441s
  [91/96] rail-twochain        r0 neutral  addonly_merged n=4  8.231s
  [91/96] rail-twochain        r0 neutral  addonly_meta  n=5  8.283s
  [91/96] rail-twochain        r0 neutral  addonly_flag  n=4  8.243s
  [92/96] rail-twochain        r1 restated addonly       n=4  8.181s
  [92/96] rail-twochain        r1 restated addonly_merged n=4  8.202s
  [92/96] rail-twochain        r1 restated addonly_meta  n=4  8.21s
  [92/96] rail-twochain        r1 restated addonly_flag  n=4  8.228s
  [92/96] rail-twochain        r1 neutral  addonly       n=4  8.215s
  [92/96] rail-twochain        r1 neutral  addonly_merged n=4  8.188s
  [92/96] rail-twochain        r1 neutral  addonly_meta  n=4  8.223s
  [92/96] rail-twochain        r1 neutral  addonly_flag  n=4  8.326s
  [93/96] rail-twochain        r3 restated addonly       n=1  8.142s
  [93/96] rail-twochain        r3 restated addonly_merged n=1  8.109s
  [93/96] rail-twochain        r3 restated addonly_meta  n=1  8.185s
  [93/96] rail-twochain        r3 restated addonly_flag  n=4  8.315s
  [93/96] rail-twochain        r3 neutral  addonly       n=1  8.138s
  [93/96] rail-twochain        r3 neutral  addonly_merged n=1  8.09s
  [93/96] rail-twochain        r3 neutral  addonly_meta  n=1  8.142s
  [93/96] rail-twochain        r3 neutral  addonly_flag  n=4  8.214s
  [94/96] rail-star            r0 restated addonly       n=4  8.195s
  [94/96] rail-star            r0 restated addonly_merged n=4  8.134s
  [94/96] rail-star            r0 restated addonly_meta  n=4  8.201s
  [94/96] rail-star            r0 restated addonly_flag  n=4  8.19s
  [94/96] rail-star            r0 neutral  addonly       n=4  8.152s
  [94/96] rail-star            r0 neutral  addonly_merged n=4  8.162s
  [94/96] rail-star            r0 neutral  addonly_meta  n=4  8.185s
  [94/96] rail-star            r0 neutral  addonly_flag  n=4  8.228s
  [95/96] rail-star            r1 restated addonly       n=4  8.164s
  [95/96] rail-star            r1 restated addonly_merged n=4  8.214s
  [95/96] rail-star            r1 restated addonly_meta  n=4  8.241s
  [95/96] rail-star            r1 restated addonly_flag  n=4  8.231s
  [95/96] rail-star            r1 neutral  addonly       n=4  8.283s
  [95/96] rail-star            r1 neutral  addonly_merged n=4  8.223s
  [95/96] rail-star            r1 neutral  addonly_meta  n=4  8.231s
  [95/96] rail-star            r1 neutral  addonly_flag  n=4  8.243s
  [96/96] rail-star            r3 restated addonly       n=1  8.111s
  [96/96] rail-star            r3 restated addonly_merged n=1  8.086s
  [96/96] rail-star            r3 restated addonly_meta  n=1  8.158s
  [96/96] rail-star            r3 restated addonly_flag  n=1  8.08s
  [96/96] rail-star            r3 neutral  addonly       n=1  8.126s
  [96/96] rail-star            r3 neutral  addonly_merged n=1  8.067s
  [96/96] rail-star            r3 neutral  addonly_meta  n=4  8.205s
  [96/96] rail-star            r3 neutral  addonly_flag  n=4  8.184s

  wrote results/e29s_gemma4-e4b_r0.csv / .json
  design          arm       n   rejected_included  never_included  mean_plan
  addonly         restated  96  0.01               0.396           2.84     
  addonly         neutral   95  0.032              0.396           2.97     
  addonly_merged  restated  96  0                  0.375           2.95     
  addonly_merged  neutral   96  0.01               0.438           3.03     
  addonly_meta    restated  96  0.01               0.5             3.11     
  addonly_meta    neutral   96  0.021              0.521           3.26     
  addonly_flag    restated  96  0.281              0.5             3.4      
  addonly_flag    neutral   96  0.229              0.458           3.47     

  parse 0.999   mean |plan| 3.13
### 16:24:33 END rc=0 python -u e29s_structure.py --model gemma4:e4b --resume
QUEUE ALL DONE
