  resume: 0 of 96 already complete, 96 left
=== E29-S free-length: llama3.2:3b, 40 dialogues x 2 arms x 4 designs = 320 calls ===

  [ 1/40] payments-chain       r0 restated addonly       n=4  6.347s
  [ 1/40] payments-chain       r0 restated addonly_merged n=4  2.29s
  [ 1/40] payments-chain       r0 restated addonly_meta  n=4  2.304s
  [ 1/40] payments-chain       r0 restated addonly_flag  n=4  2.31s
  [ 1/40] payments-chain       r0 neutral  addonly       n=4  2.321s
  [ 1/40] payments-chain       r0 neutral  addonly_merged n=4  2.302s
  [ 1/40] payments-chain       r0 neutral  addonly_meta  n=4  2.319s
  [ 1/40] payments-chain       r0 neutral  addonly_flag  n=4  2.31s
  [ 2/40] payments-chain       r1 restated addonly       n=4  2.351s
  [ 2/40] payments-chain       r1 restated addonly_merged n=4  2.375s
  [ 2/40] payments-chain       r1 restated addonly_meta  n=4  2.357s
  [ 2/40] payments-chain       r1 restated addonly_flag  n=4  2.285s
  [ 2/40] payments-chain       r1 neutral  addonly       n=4  2.359s
  [ 2/40] payments-chain       r1 neutral  addonly_merged n=4  2.328s
  [ 2/40] payments-chain       r1 neutral  addonly_meta  n=4  2.342s
  [ 2/40] payments-chain       r1 neutral  addonly_flag  n=4  2.329s
  [ 3/40] payments-fork        r0 restated addonly       n=4  2.312s
  [ 3/40] payments-fork        r0 restated addonly_merged n=4  2.331s
  [ 3/40] payments-fork        r0 restated addonly_meta  n=3  2.315s
  [ 3/40] payments-fork        r0 restated addonly_flag  n=4  2.312s
  [ 3/40] payments-fork        r0 neutral  addonly       n=4  2.349s
  [ 3/40] payments-fork        r0 neutral  addonly_merged n=4  2.369s
  [ 3/40] payments-fork        r0 neutral  addonly_meta  n=4  2.31s
  [ 3/40] payments-fork        r0 neutral  addonly_flag  n=4  2.342s
  [ 4/40] payments-fork        r1 restated addonly       n=4  2.347s
  [ 4/40] payments-fork        r1 restated addonly_merged n=4  2.311s
  [ 4/40] payments-fork        r1 restated addonly_meta  n=4  2.374s
  [ 4/40] payments-fork        r1 restated addonly_flag  n=4  2.386s
  [ 4/40] payments-fork        r1 neutral  addonly       n=4  2.365s
  [ 4/40] payments-fork        r1 neutral  addonly_merged n=4  2.329s
  [ 4/40] payments-fork        r1 neutral  addonly_meta  n=4  2.336s
  [ 4/40] payments-fork        r1 neutral  addonly_flag  n=4  2.37s
  [ 5/40] payments-join        r0 restated addonly       n=4  2.301s
  [ 5/40] payments-join        r0 restated addonly_merged n=4  2.315s
  [ 5/40] payments-join        r0 restated addonly_meta  n=4  2.337s
  [ 5/40] payments-join        r0 restated addonly_flag  n=4  2.291s
  [ 5/40] payments-join        r0 neutral  addonly       n=4  2.331s
  [ 5/40] payments-join        r0 neutral  addonly_merged n=4  2.31s
  [ 5/40] payments-join        r0 neutral  addonly_meta  n=4  2.309s
  [ 5/40] payments-join        r0 neutral  addonly_flag  n=4  2.297s
  [ 6/40] payments-join        r1 restated addonly       n=4  2.286s
  [ 6/40] payments-join        r1 restated addonly_merged n=4  2.344s
  [ 6/40] payments-join        r1 restated addonly_meta  n=4  2.367s
  [ 6/40] payments-join        r1 restated addonly_flag  n=4  2.346s
  [ 6/40] payments-join        r1 neutral  addonly       n=4  2.39s
  [ 6/40] payments-join        r1 neutral  addonly_merged n=4  2.355s
  [ 6/40] payments-join        r1 neutral  addonly_meta  n=4  2.403s
  [ 6/40] payments-join        r1 neutral  addonly_flag  n=4  2.355s
  [ 7/40] payments-join        r3 restated addonly       n=4  2.293s
  [ 7/40] payments-join        r3 restated addonly_merged n=4  2.306s
  [ 7/40] payments-join        r3 restated addonly_meta  n=4  2.294s
  [ 7/40] payments-join        r3 restated addonly_flag  n=4  2.306s
  [ 7/40] payments-join        r3 neutral  addonly       n=4  2.297s
  [ 7/40] payments-join        r3 neutral  addonly_merged n=4  2.326s
  [ 7/40] payments-join        r3 neutral  addonly_meta  n=4  2.337s
  [ 7/40] payments-join        r3 neutral  addonly_flag  n=4  2.298s
  [ 8/40] payments-diamond     r0 restated addonly       n=4  2.32s
  [ 8/40] payments-diamond     r0 restated addonly_merged n=4  2.288s
  [ 8/40] payments-diamond     r0 restated addonly_meta  n=4  2.4s
  [ 8/40] payments-diamond     r0 restated addonly_flag  n=4  2.383s
  [ 8/40] payments-diamond     r0 neutral  addonly       n=4  2.297s
  [ 8/40] payments-diamond     r0 neutral  addonly_merged n=4  2.294s
  [ 8/40] payments-diamond     r0 neutral  addonly_meta  n=4  2.344s
  [ 8/40] payments-diamond     r0 neutral  addonly_flag  n=4  2.313s
  [ 9/40] payments-diamond     r1 restated addonly       n=4  2.307s
  [ 9/40] payments-diamond     r1 restated addonly_merged n=4  2.3s
  [ 9/40] payments-diamond     r1 restated addonly_meta  n=4  2.347s
  [ 9/40] payments-diamond     r1 restated addonly_flag  n=4  2.384s
  [ 9/40] payments-diamond     r1 neutral  addonly       n=4  2.357s
  [ 9/40] payments-diamond     r1 neutral  addonly_merged n=4  2.3s
  [ 9/40] payments-diamond     r1 neutral  addonly_meta  n=4  2.306s
  [ 9/40] payments-diamond     r1 neutral  addonly_flag  n=4  2.32s
  [10/40] payments-diamond     r3 restated addonly       n=4  2.349s
  [10/40] payments-diamond     r3 restated addonly_merged n=4  2.379s
  [10/40] payments-diamond     r3 restated addonly_meta  n=4  2.346s
  [10/40] payments-diamond     r3 restated addonly_flag  n=4  2.345s
  [10/40] payments-diamond     r3 neutral  addonly       n=4  2.34s
  [10/40] payments-diamond     r3 neutral  addonly_merged n=4  2.301s
  [10/40] payments-diamond     r3 neutral  addonly_meta  n=4  2.282s
  [10/40] payments-diamond     r3 neutral  addonly_flag  n=4  2.33s
  [11/40] payments-twochain    r0 restated addonly       n=4  2.322s
  [11/40] payments-twochain    r0 restated addonly_merged n=4  2.395s
  [11/40] payments-twochain    r0 restated addonly_meta  n=4  2.373s
  [11/40] payments-twochain    r0 restated addonly_flag  n=4  2.304s
  [11/40] payments-twochain    r0 neutral  addonly       n=4  2.318s
  [11/40] payments-twochain    r0 neutral  addonly_merged n=4  2.333s
  [11/40] payments-twochain    r0 neutral  addonly_meta  n=4  2.328s
  [11/40] payments-twochain    r0 neutral  addonly_flag  n=4  2.343s
  [12/40] payments-twochain    r1 restated addonly       n=4  2.366s
  [12/40] payments-twochain    r1 restated addonly_merged n=4  2.349s
  [12/40] payments-twochain    r1 restated addonly_meta  n=4  2.389s
  [12/40] payments-twochain    r1 restated addonly_flag  n=4  2.367s
  [12/40] payments-twochain    r1 neutral  addonly       n=4  2.374s
  [12/40] payments-twochain    r1 neutral  addonly_merged n=4  2.339s
  [12/40] payments-twochain    r1 neutral  addonly_meta  n=4  2.339s
  [12/40] payments-twochain    r1 neutral  addonly_flag  n=4  2.384s
  [13/40] payments-twochain    r3 restated addonly       n=4  2.382s
  [13/40] payments-twochain    r3 restated addonly_merged n=4  2.38s
  [13/40] payments-twochain    r3 restated addonly_meta  n=4  2.388s
  [13/40] payments-twochain    r3 restated addonly_flag  n=4  2.341s
  [13/40] payments-twochain    r3 neutral  addonly       n=4  2.371s
  [13/40] payments-twochain    r3 neutral  addonly_merged n=4  2.341s
  [13/40] payments-twochain    r3 neutral  addonly_meta  n=4  2.378s
  [13/40] payments-twochain    r3 neutral  addonly_flag  n=4  2.298s
  [14/40] payments-star        r0 restated addonly       n=4  2.318s
  [14/40] payments-star        r0 restated addonly_merged n=4  2.316s
  [14/40] payments-star        r0 restated addonly_meta  n=4  2.372s
  [14/40] payments-star        r0 restated addonly_flag  n=4  2.347s
  [14/40] payments-star        r0 neutral  addonly       n=4  2.309s
  [14/40] payments-star        r0 neutral  addonly_merged n=4  2.328s
  [14/40] payments-star        r0 neutral  addonly_meta  n=4  2.357s
  [14/40] payments-star        r0 neutral  addonly_flag  n=4  2.317s
  [15/40] payments-star        r1 restated addonly       n=4  2.38s
  [15/40] payments-star        r1 restated addonly_merged n=4  2.297s
  [15/40] payments-star        r1 restated addonly_meta  n=4  2.292s
  [15/40] payments-star        r1 restated addonly_flag  n=4  2.285s
  [15/40] payments-star        r1 neutral  addonly       n=4  2.301s
  [15/40] payments-star        r1 neutral  addonly_merged n=4  2.337s
  [15/40] payments-star        r1 neutral  addonly_meta  n=4  2.316s
  [15/40] payments-star        r1 neutral  addonly_flag  n=4  2.298s
  [16/40] payments-star        r3 restated addonly       n=4  2.374s
  [16/40] payments-star        r3 restated addonly_merged n=4  2.329s
  [16/40] payments-star        r3 restated addonly_meta  n=4  2.335s
  [16/40] payments-star        r3 restated addonly_flag  n=4  2.278s
  [16/40] payments-star        r3 neutral  addonly       n=4  2.421s
  [16/40] payments-star        r3 neutral  addonly_merged n=4  2.326s
  [16/40] payments-star        r3 neutral  addonly_meta  n=4  2.335s
  [16/40] payments-star        r3 neutral  addonly_flag  n=4  2.303s
  [17/40] robotics-chain       r0 restated addonly       n=4  2.411s
  [17/40] robotics-chain       r0 restated addonly_merged n=4  2.418s
  [17/40] robotics-chain       r0 restated addonly_meta  n=4  2.416s
  [17/40] robotics-chain       r0 restated addonly_flag  n=4  2.417s
  [17/40] robotics-chain       r0 neutral  addonly       n=4  2.419s
  [17/40] robotics-chain       r0 neutral  addonly_merged n=4  2.36s
  [17/40] robotics-chain       r0 neutral  addonly_meta  n=4  2.428s
  [17/40] robotics-chain       r0 neutral  addonly_flag  n=4  2.409s
  [18/40] robotics-chain       r1 restated addonly       n=4  2.492s
  [18/40] robotics-chain       r1 restated addonly_merged n=4  2.41s
  [18/40] robotics-chain       r1 restated addonly_meta  n=4  2.335s
  [18/40] robotics-chain       r1 restated addonly_flag  n=4  2.387s
  [18/40] robotics-chain       r1 neutral  addonly       n=4  2.329s
  [18/40] robotics-chain       r1 neutral  addonly_merged n=4  2.351s
  [18/40] robotics-chain       r1 neutral  addonly_meta  n=4  2.403s
  [18/40] robotics-chain       r1 neutral  addonly_flag  n=4  2.4s
  [19/40] robotics-fork        r0 restated addonly       n=4  2.362s
  [19/40] robotics-fork        r0 restated addonly_merged n=4  2.423s
  [19/40] robotics-fork        r0 restated addonly_meta  n=4  2.328s
  [19/40] robotics-fork        r0 restated addonly_flag  n=4  2.376s
  [19/40] robotics-fork        r0 neutral  addonly       n=4  2.317s
  [19/40] robotics-fork        r0 neutral  addonly_merged n=4  2.331s
  [19/40] robotics-fork        r0 neutral  addonly_meta  n=4  2.31s
  [19/40] robotics-fork        r0 neutral  addonly_flag  n=4  2.374s
  [20/40] robotics-fork        r1 restated addonly       n=4  2.394s
  [20/40] robotics-fork        r1 restated addonly_merged n=4  2.284s
  [20/40] robotics-fork        r1 restated addonly_meta  n=4  2.3s
  [20/40] robotics-fork        r1 restated addonly_flag  n=4  2.299s
  [20/40] robotics-fork        r1 neutral  addonly       n=4  2.401s
  [20/40] robotics-fork        r1 neutral  addonly_merged n=4  2.276s
  [20/40] robotics-fork        r1 neutral  addonly_meta  n=4  2.386s
  [20/40] robotics-fork        r1 neutral  addonly_flag  n=4  2.371s
  [21/40] robotics-join        r0 restated addonly       n=4  2.348s
  [21/40] robotics-join        r0 restated addonly_merged n=4  2.437s
  [21/40] robotics-join        r0 restated addonly_meta  n=4  2.313s
  [21/40] robotics-join        r0 restated addonly_flag  n=4  2.338s
  [21/40] robotics-join        r0 neutral  addonly       n=4  2.413s
  [21/40] robotics-join        r0 neutral  addonly_merged n=4  2.444s
  [21/40] robotics-join        r0 neutral  addonly_meta  n=4  2.403s
  [21/40] robotics-join        r0 neutral  addonly_flag  n=4  2.413s
  [22/40] robotics-join        r1 restated addonly       n=4  2.414s
  [22/40] robotics-join        r1 restated addonly_merged n=4  2.41s
  [22/40] robotics-join        r1 restated addonly_meta  n=4  2.432s
  [22/40] robotics-join        r1 restated addonly_flag  n=4  2.387s
  [22/40] robotics-join        r1 neutral  addonly       n=4  2.413s
  [22/40] robotics-join        r1 neutral  addonly_merged n=4  2.41s
  [22/40] robotics-join        r1 neutral  addonly_meta  n=4  2.392s
  [22/40] robotics-join        r1 neutral  addonly_flag  n=4  2.33s
  [23/40] robotics-join        r3 restated addonly       n=4  2.415s
  [23/40] robotics-join        r3 restated addonly_merged n=4  2.351s
  [23/40] robotics-join        r3 restated addonly_meta  n=4  2.354s
  [23/40] robotics-join        r3 restated addonly_flag  n=4  2.403s
  [23/40] robotics-join        r3 neutral  addonly       n=4  2.333s
  [23/40] robotics-join        r3 neutral  addonly_merged n=4  2.327s
  [23/40] robotics-join        r3 neutral  addonly_meta  n=4  2.428s
  [23/40] robotics-join        r3 neutral  addonly_flag  n=4  2.436s
  [24/40] robotics-diamond     r0 restated addonly       n=4  2.332s
  [24/40] robotics-diamond     r0 restated addonly_merged n=4  2.412s
  [24/40] robotics-diamond     r0 restated addonly_meta  n=4  2.358s
  [24/40] robotics-diamond     r0 restated addonly_flag  n=4  2.327s
  [24/40] robotics-diamond     r0 neutral  addonly       n=4  2.439s
  [24/40] robotics-diamond     r0 neutral  addonly_merged n=4  2.415s
  [24/40] robotics-diamond     r0 neutral  addonly_meta  n=4  2.363s
  [24/40] robotics-diamond     r0 neutral  addonly_flag  n=4  2.419s
  [25/40] robotics-diamond     r1 restated addonly       n=4  2.35s
  [25/40] robotics-diamond     r1 restated addonly_merged n=4  2.401s
  [25/40] robotics-diamond     r1 restated addonly_meta  n=4  2.383s
  [25/40] robotics-diamond     r1 restated addonly_flag  n=4  2.329s
  [25/40] robotics-diamond     r1 neutral  addonly       n=4  2.34s
  [25/40] robotics-diamond     r1 neutral  addonly_merged n=4  2.341s
  [25/40] robotics-diamond     r1 neutral  addonly_meta  n=4  2.335s
  [25/40] robotics-diamond     r1 neutral  addonly_flag  n=4  2.447s
  [26/40] robotics-diamond     r3 restated addonly       n=4  2.373s
  [26/40] robotics-diamond     r3 restated addonly_merged n=4  2.398s
  [26/40] robotics-diamond     r3 restated addonly_meta  n=4  2.397s
  [26/40] robotics-diamond     r3 restated addonly_flag  n=4  2.4s
  [26/40] robotics-diamond     r3 neutral  addonly       n=4  2.412s
  [26/40] robotics-diamond     r3 neutral  addonly_merged n=4  2.318s
  [26/40] robotics-diamond     r3 neutral  addonly_meta  n=4  2.432s
  [26/40] robotics-diamond     r3 neutral  addonly_flag  n=4  2.31s
  [27/40] robotics-twochain    r0 restated addonly       n=4  2.398s
  [27/40] robotics-twochain    r0 restated addonly_merged n=4  2.417s
  [27/40] robotics-twochain    r0 restated addonly_meta  n=4  2.361s
  [27/40] robotics-twochain    r0 restated addonly_flag  n=4  2.291s
  [27/40] robotics-twochain    r0 neutral  addonly       n=4  2.355s
  [27/40] robotics-twochain    r0 neutral  addonly_merged n=4  2.536s
  [27/40] robotics-twochain    r0 neutral  addonly_meta  n=4  2.337s
  [27/40] robotics-twochain    r0 neutral  addonly_flag  n=4  2.32s
  [28/40] robotics-twochain    r1 restated addonly       n=4  2.446s
  [28/40] robotics-twochain    r1 restated addonly_merged n=4  2.37s
  [28/40] robotics-twochain    r1 restated addonly_meta  n=4  2.388s
  [28/40] robotics-twochain    r1 restated addonly_flag  n=4  2.356s
  [28/40] robotics-twochain    r1 neutral  addonly       n=4  2.312s
  [28/40] robotics-twochain    r1 neutral  addonly_merged n=4  2.396s
  [28/40] robotics-twochain    r1 neutral  addonly_meta  n=4  2.414s
  [28/40] robotics-twochain    r1 neutral  addonly_flag  n=4  2.393s
  [29/40] robotics-twochain    r3 restated addonly       n=4  2.32s
  [29/40] robotics-twochain    r3 restated addonly_merged n=4  2.292s
  [29/40] robotics-twochain    r3 restated addonly_meta  n=4  2.413s
  [29/40] robotics-twochain    r3 restated addonly_flag  n=4  2.295s
  [29/40] robotics-twochain    r3 neutral  addonly       n=4  2.302s
  [29/40] robotics-twochain    r3 neutral  addonly_merged n=4  2.356s
  [29/40] robotics-twochain    r3 neutral  addonly_meta  n=4  2.444s
  [29/40] robotics-twochain    r3 neutral  addonly_flag  n=4  2.335s
  [30/40] robotics-star        r0 restated addonly       n=4  2.322s
  [30/40] robotics-star        r0 restated addonly_merged n=4  2.321s
  [30/40] robotics-star        r0 restated addonly_meta  n=4  2.394s
  [30/40] robotics-star        r0 restated addonly_flag  n=4  2.322s
  resume: 29 of 96 already complete, 67 left
=== E29-S free-length: llama3.2:3b, 40 dialogues x 2 arms x 4 designs = 320 calls ===

  [ 1/40] robotics-star        r0 restated addonly       n=4  2.497s
  [ 1/40] robotics-star        r0 restated addonly_merged n=4  2.343s
  [ 1/40] robotics-star        r0 restated addonly_meta  n=4  2.326s
  [ 1/40] robotics-star        r0 restated addonly_flag  n=4  2.3s
  [ 1/40] robotics-star        r0 neutral  addonly       n=4  2.327s
  [ 1/40] robotics-star        r0 neutral  addonly_merged n=4  2.396s
  [ 1/40] robotics-star        r0 neutral  addonly_meta  n=4  2.324s
  [ 1/40] robotics-star        r0 neutral  addonly_flag  n=4  2.329s
  [ 2/40] robotics-star        r1 restated addonly       n=4  2.39s
  [ 2/40] robotics-star        r1 restated addonly_merged n=4  2.336s
  [ 2/40] robotics-star        r1 restated addonly_meta  n=4  2.388s
  [ 2/40] robotics-star        r1 restated addonly_flag  n=4  2.418s
  [ 2/40] robotics-star        r1 neutral  addonly       n=4  2.409s
  [ 2/40] robotics-star        r1 neutral  addonly_merged n=4  2.381s
  [ 2/40] robotics-star        r1 neutral  addonly_meta  n=4  2.399s
  [ 2/40] robotics-star        r1 neutral  addonly_flag  n=4  2.305s
  [ 3/40] robotics-star        r3 restated addonly       n=4  2.309s
  [ 3/40] robotics-star        r3 restated addonly_merged n=4  2.355s
  [ 3/40] robotics-star        r3 restated addonly_meta  n=4  2.352s
  [ 3/40] robotics-star        r3 restated addonly_flag  n=4  2.352s
  [ 3/40] robotics-star        r3 neutral  addonly       n=4  2.314s
  [ 3/40] robotics-star        r3 neutral  addonly_merged n=4  2.34s
  [ 3/40] robotics-star        r3 neutral  addonly_meta  n=4  2.351s
  [ 3/40] robotics-star        r3 neutral  addonly_flag  n=4  2.342s
  [ 4/40] pharmacy-chain       r0 restated addonly       n=4  2.391s
  [ 4/40] pharmacy-chain       r0 restated addonly_merged n=4  2.292s
  [ 4/40] pharmacy-chain       r0 restated addonly_meta  n=4  2.325s
  [ 4/40] pharmacy-chain       r0 restated addonly_flag  n=4  2.336s
  [ 4/40] pharmacy-chain       r0 neutral  addonly       n=4  2.322s
  [ 4/40] pharmacy-chain       r0 neutral  addonly_merged n=4  2.34s
  [ 4/40] pharmacy-chain       r0 neutral  addonly_meta  n=4  2.293s
  [ 4/40] pharmacy-chain       r0 neutral  addonly_flag  n=4  2.31s
  [ 5/40] pharmacy-chain       r1 restated addonly       n=4  2.33s
  [ 5/40] pharmacy-chain       r1 restated addonly_merged n=4  2.319s
  [ 5/40] pharmacy-chain       r1 restated addonly_meta  n=4  2.345s
  [ 5/40] pharmacy-chain       r1 restated addonly_flag  n=4  2.312s
  [ 5/40] pharmacy-chain       r1 neutral  addonly       n=4  2.321s
  [ 5/40] pharmacy-chain       r1 neutral  addonly_merged n=4  2.366s
  [ 5/40] pharmacy-chain       r1 neutral  addonly_meta  n=4  2.333s
  [ 5/40] pharmacy-chain       r1 neutral  addonly_flag  n=4  2.325s
  [ 6/40] pharmacy-fork        r0 restated addonly       n=4  2.334s
  [ 6/40] pharmacy-fork        r0 restated addonly_merged n=4  2.357s
  [ 6/40] pharmacy-fork        r0 restated addonly_meta  n=4  2.356s
  [ 6/40] pharmacy-fork        r0 restated addonly_flag  n=4  2.338s
  [ 6/40] pharmacy-fork        r0 neutral  addonly       n=4  2.453s
  [ 6/40] pharmacy-fork        r0 neutral  addonly_merged n=4  2.4s
  [ 6/40] pharmacy-fork        r0 neutral  addonly_meta  n=4  2.401s
  [ 6/40] pharmacy-fork        r0 neutral  addonly_flag  n=4  2.338s
  [ 7/40] pharmacy-fork        r1 restated addonly       n=4  2.323s
  [ 7/40] pharmacy-fork        r1 restated addonly_merged n=4  2.333s
  [ 7/40] pharmacy-fork        r1 restated addonly_meta  n=4  2.332s
  [ 7/40] pharmacy-fork        r1 restated addonly_flag  n=4  2.342s
  [ 7/40] pharmacy-fork        r1 neutral  addonly       n=4  2.337s
  [ 7/40] pharmacy-fork        r1 neutral  addonly_merged n=4  2.339s
  [ 7/40] pharmacy-fork        r1 neutral  addonly_meta  n=4  2.413s
  [ 7/40] pharmacy-fork        r1 neutral  addonly_flag  n=4  2.343s
  [ 8/40] pharmacy-join        r0 restated addonly       n=4  2.331s
  [ 8/40] pharmacy-join        r0 restated addonly_merged n=4  2.318s
  [ 8/40] pharmacy-join        r0 restated addonly_meta  n=4  2.432s
  [ 8/40] pharmacy-join        r0 restated addonly_flag  n=4  2.313s
  [ 8/40] pharmacy-join        r0 neutral  addonly       n=4  2.322s
  [ 8/40] pharmacy-join        r0 neutral  addonly_merged n=4  2.299s
  [ 8/40] pharmacy-join        r0 neutral  addonly_meta  n=4  2.356s
  [ 8/40] pharmacy-join        r0 neutral  addonly_flag  n=4  2.296s
  [ 9/40] pharmacy-join        r1 restated addonly       n=4  2.448s
  [ 9/40] pharmacy-join        r1 restated addonly_merged n=4  2.289s
  [ 9/40] pharmacy-join        r1 restated addonly_meta  n=4  2.465s
  [ 9/40] pharmacy-join        r1 restated addonly_flag  n=4  2.44s
  [ 9/40] pharmacy-join        r1 neutral  addonly       n=4  2.334s
  [ 9/40] pharmacy-join        r1 neutral  addonly_merged n=4  2.316s
  [ 9/40] pharmacy-join        r1 neutral  addonly_meta  n=4  2.459s
  [ 9/40] pharmacy-join        r1 neutral  addonly_flag  n=4  2.329s
  [10/40] pharmacy-join        r3 restated addonly       n=4  2.425s
  [10/40] pharmacy-join        r3 restated addonly_merged n=4  2.424s
  [10/40] pharmacy-join        r3 restated addonly_meta  n=4  2.421s
  [10/40] pharmacy-join        r3 restated addonly_flag  n=4  2.325s
  [10/40] pharmacy-join        r3 neutral  addonly       n=4  2.299s
  [10/40] pharmacy-join        r3 neutral  addonly_merged n=4  2.409s
  [10/40] pharmacy-join        r3 neutral  addonly_meta  n=4  2.326s
  [10/40] pharmacy-join        r3 neutral  addonly_flag  n=4  2.349s
  [11/40] pharmacy-diamond     r0 restated addonly       n=4  2.468s
  [11/40] pharmacy-diamond     r0 restated addonly_merged n=4  2.449s
  [11/40] pharmacy-diamond     r0 restated addonly_meta  n=4  2.451s
  [11/40] pharmacy-diamond     r0 restated addonly_flag  n=4  2.419s
  [11/40] pharmacy-diamond     r0 neutral  addonly       n=4  2.344s
  [11/40] pharmacy-diamond     r0 neutral  addonly_merged n=4  2.422s
  [11/40] pharmacy-diamond     r0 neutral  addonly_meta  n=4  2.429s
  [11/40] pharmacy-diamond     r0 neutral  addonly_flag  n=4  2.302s
  [12/40] pharmacy-diamond     r1 restated addonly       n=4  2.418s
  [12/40] pharmacy-diamond     r1 restated addonly_merged n=4  2.423s
  [12/40] pharmacy-diamond     r1 restated addonly_meta  n=4  2.386s
  [12/40] pharmacy-diamond     r1 restated addonly_flag  n=4  2.346s
  [12/40] pharmacy-diamond     r1 neutral  addonly       n=4  2.406s
  [12/40] pharmacy-diamond     r1 neutral  addonly_merged n=4  2.367s
  [12/40] pharmacy-diamond     r1 neutral  addonly_meta  n=4  2.278s
  [12/40] pharmacy-diamond     r1 neutral  addonly_flag  n=4  2.315s
  [13/40] pharmacy-diamond     r3 restated addonly       n=4  2.37s
  [13/40] pharmacy-diamond     r3 restated addonly_merged n=4  2.299s
  [13/40] pharmacy-diamond     r3 restated addonly_meta  n=4  2.325s
  [13/40] pharmacy-diamond     r3 restated addonly_flag  n=4  2.388s
  [13/40] pharmacy-diamond     r3 neutral  addonly       n=4  2.325s
  [13/40] pharmacy-diamond     r3 neutral  addonly_merged n=4  2.311s
  [13/40] pharmacy-diamond     r3 neutral  addonly_meta  n=4  2.328s
  [13/40] pharmacy-diamond     r3 neutral  addonly_flag  n=4  2.382s
  [14/40] pharmacy-twochain    r0 restated addonly       n=4  2.418s
  [14/40] pharmacy-twochain    r0 restated addonly_merged n=4  2.424s
  [14/40] pharmacy-twochain    r0 restated addonly_meta  n=4  2.403s
  [14/40] pharmacy-twochain    r0 restated addonly_flag  n=4  2.326s
  [14/40] pharmacy-twochain    r0 neutral  addonly       n=4  2.424s
  [14/40] pharmacy-twochain    r0 neutral  addonly_merged n=4  2.442s
  [14/40] pharmacy-twochain    r0 neutral  addonly_meta  n=4  2.364s
  [14/40] pharmacy-twochain    r0 neutral  addonly_flag  n=4  2.417s
  [15/40] pharmacy-twochain    r1 restated addonly       n=4  2.335s
  [15/40] pharmacy-twochain    r1 restated addonly_merged n=4  2.331s
  [15/40] pharmacy-twochain    r1 restated addonly_meta  n=4  2.316s
  [15/40] pharmacy-twochain    r1 restated addonly_flag  n=4  2.388s
  [15/40] pharmacy-twochain    r1 neutral  addonly       n=4  2.323s
  [15/40] pharmacy-twochain    r1 neutral  addonly_merged n=4  2.335s
  [15/40] pharmacy-twochain    r1 neutral  addonly_meta  n=4  2.356s
  [15/40] pharmacy-twochain    r1 neutral  addonly_flag  n=4  2.419s
  [16/40] pharmacy-twochain    r3 restated addonly       n=4  2.478s
  [16/40] pharmacy-twochain    r3 restated addonly_merged n=4  2.377s
  [16/40] pharmacy-twochain    r3 restated addonly_meta  n=4  2.674s
  [16/40] pharmacy-twochain    r3 restated addonly_flag  n=4  2.409s
  [16/40] pharmacy-twochain    r3 neutral  addonly       n=4  2.789s
  [16/40] pharmacy-twochain    r3 neutral  addonly_merged n=4  2.411s
  [16/40] pharmacy-twochain    r3 neutral  addonly_meta  n=4  2.792s
  [16/40] pharmacy-twochain    r3 neutral  addonly_flag  n=4  2.395s
  [17/40] pharmacy-star        r0 restated addonly       n=4  2.292s
  [17/40] pharmacy-star        r0 restated addonly_merged n=4  2.288s
  [17/40] pharmacy-star        r0 restated addonly_meta  n=4  2.289s
  [17/40] pharmacy-star        r0 restated addonly_flag  n=4  2.278s
  [17/40] pharmacy-star        r0 neutral  addonly       n=4  2.389s
  [17/40] pharmacy-star        r0 neutral  addonly_merged n=4  2.303s
  [17/40] pharmacy-star        r0 neutral  addonly_meta  n=4  2.297s
  [17/40] pharmacy-star        r0 neutral  addonly_flag  n=4  2.369s
  [18/40] pharmacy-star        r1 restated addonly       n=4  2.424s
  [18/40] pharmacy-star        r1 restated addonly_merged n=4  2.354s
  [18/40] pharmacy-star        r1 restated addonly_meta  n=4  2.468s
  [18/40] pharmacy-star        r1 restated addonly_flag  n=4  2.421s
  [18/40] pharmacy-star        r1 neutral  addonly       n=4  2.33s
  [18/40] pharmacy-star        r1 neutral  addonly_merged n=4  2.355s
  [18/40] pharmacy-star        r1 neutral  addonly_meta  n=4  2.421s
  [18/40] pharmacy-star        r1 neutral  addonly_flag  n=4  2.421s
  [19/40] pharmacy-star        r3 restated addonly       n=4  2.436s
  [19/40] pharmacy-star        r3 restated addonly_merged n=4  2.33s
  [19/40] pharmacy-star        r3 restated addonly_meta  n=4  2.318s
  [19/40] pharmacy-star        r3 restated addonly_flag  n=4  2.333s
  [19/40] pharmacy-star        r3 neutral  addonly       n=4  2.342s
  [19/40] pharmacy-star        r3 neutral  addonly_merged n=4  2.337s
  [19/40] pharmacy-star        r3 neutral  addonly_meta  n=4  2.357s
  [19/40] pharmacy-star        r3 neutral  addonly_flag  n=4  2.337s
  [20/40] satellite-chain      r0 restated addonly       n=4  2.416s
  [20/40] satellite-chain      r0 restated addonly_merged n=4  2.39s
  [20/40] satellite-chain      r0 restated addonly_meta  n=4  2.424s
  [20/40] satellite-chain      r0 restated addonly_flag  n=4  2.326s
  [20/40] satellite-chain      r0 neutral  addonly       n=4  2.376s
  [20/40] satellite-chain      r0 neutral  addonly_merged n=4  2.391s
  [20/40] satellite-chain      r0 neutral  addonly_meta  n=4  2.398s
  [20/40] satellite-chain      r0 neutral  addonly_flag  n=4  2.311s
  [21/40] satellite-chain      r1 restated addonly       n=4  2.452s
  [21/40] satellite-chain      r1 restated addonly_merged n=4  2.397s
  [21/40] satellite-chain      r1 restated addonly_meta  n=4  2.319s
  [21/40] satellite-chain      r1 restated addonly_flag  n=4  2.442s
  [21/40] satellite-chain      r1 neutral  addonly       n=4  2.414s
  [21/40] satellite-chain      r1 neutral  addonly_merged n=4  2.361s
  [21/40] satellite-chain      r1 neutral  addonly_meta  n=4  2.404s
  [21/40] satellite-chain      r1 neutral  addonly_flag  n=4  2.318s
  [22/40] satellite-fork       r0 restated addonly       n=4  2.366s
  [22/40] satellite-fork       r0 restated addonly_merged n=4  2.366s
  [22/40] satellite-fork       r0 restated addonly_meta  n=4  2.324s
  [22/40] satellite-fork       r0 restated addonly_flag  n=4  2.349s
  [22/40] satellite-fork       r0 neutral  addonly       n=4  2.334s
  [22/40] satellite-fork       r0 neutral  addonly_merged n=4  2.404s
  [22/40] satellite-fork       r0 neutral  addonly_meta  n=4  2.326s
  [22/40] satellite-fork       r0 neutral  addonly_flag  n=4  2.347s
  [23/40] satellite-fork       r1 restated addonly       n=4  2.323s
  [23/40] satellite-fork       r1 restated addonly_merged n=4  2.304s
  [23/40] satellite-fork       r1 restated addonly_meta  n=4  2.333s
  [23/40] satellite-fork       r1 restated addonly_flag  n=4  2.348s
  [23/40] satellite-fork       r1 neutral  addonly       n=4  2.312s
  [23/40] satellite-fork       r1 neutral  addonly_merged n=4  2.324s
  [23/40] satellite-fork       r1 neutral  addonly_meta  n=4  2.309s
  [23/40] satellite-fork       r1 neutral  addonly_flag  n=4  2.343s
  [24/40] satellite-join       r0 restated addonly       n=4  2.436s
  [24/40] satellite-join       r0 restated addonly_merged n=4  2.315s
  [24/40] satellite-join       r0 restated addonly_meta  n=4  2.334s
  [24/40] satellite-join       r0 restated addonly_flag  n=4  2.389s
  [24/40] satellite-join       r0 neutral  addonly       n=4  2.326s
  [24/40] satellite-join       r0 neutral  addonly_merged n=4  2.31s
  [24/40] satellite-join       r0 neutral  addonly_meta  n=4  2.383s
  [24/40] satellite-join       r0 neutral  addonly_flag  n=4  2.39s
  [25/40] satellite-join       r1 restated addonly       n=4  2.303s
  [25/40] satellite-join       r1 restated addonly_merged n=4  2.427s
  [25/40] satellite-join       r1 restated addonly_meta  n=4  2.397s
  [25/40] satellite-join       r1 restated addonly_flag  n=4  2.273s
  [25/40] satellite-join       r1 neutral  addonly       n=4  2.381s
  [25/40] satellite-join       r1 neutral  addonly_merged n=4  2.399s
  [25/40] satellite-join       r1 neutral  addonly_meta  n=4  2.28s
  [25/40] satellite-join       r1 neutral  addonly_flag  n=4  2.353s
  [26/40] satellite-join       r3 restated addonly       n=4  2.321s
  [26/40] satellite-join       r3 restated addonly_merged n=4  2.327s
  [26/40] satellite-join       r3 restated addonly_meta  n=4  2.315s
  [26/40] satellite-join       r3 restated addonly_flag  n=4  2.318s
  [26/40] satellite-join       r3 neutral  addonly       n=4  2.309s
  [26/40] satellite-join       r3 neutral  addonly_merged n=4  2.322s
  [26/40] satellite-join       r3 neutral  addonly_meta  n=4  2.29s
  [26/40] satellite-join       r3 neutral  addonly_flag  n=4  2.288s
  [27/40] satellite-diamond    r0 restated addonly       n=4  2.327s
  [27/40] satellite-diamond    r0 restated addonly_merged n=4  2.308s
  [27/40] satellite-diamond    r0 restated addonly_meta  n=4  2.323s
  [27/40] satellite-diamond    r0 restated addonly_flag  n=4  2.351s
  [27/40] satellite-diamond    r0 neutral  addonly       n=4  2.403s
  [27/40] satellite-diamond    r0 neutral  addonly_merged n=4  2.305s
  [27/40] satellite-diamond    r0 neutral  addonly_meta  n=4  2.327s
  [27/40] satellite-diamond    r0 neutral  addonly_flag  n=4  2.338s
  [28/40] satellite-diamond    r1 restated addonly       n=4  2.334s
  [28/40] satellite-diamond    r1 restated addonly_merged n=4  2.419s
  [28/40] satellite-diamond    r1 restated addonly_meta  n=4  2.399s
  [28/40] satellite-diamond    r1 restated addonly_flag  n=4  2.31s
  [28/40] satellite-diamond    r1 neutral  addonly       n=4  2.349s
  [28/40] satellite-diamond    r1 neutral  addonly_merged n=4  2.389s
  [28/40] satellite-diamond    r1 neutral  addonly_meta  n=4  2.314s
  [28/40] satellite-diamond    r1 neutral  addonly_flag  n=4  2.391s
  [29/40] satellite-diamond    r3 restated addonly       n=4  2.328s
  [29/40] satellite-diamond    r3 restated addonly_merged n=4  2.363s
  [29/40] satellite-diamond    r3 restated addonly_meta  n=4  2.356s
  [29/40] satellite-diamond    r3 restated addonly_flag  n=4  2.319s
  [29/40] satellite-diamond    r3 neutral  addonly       n=4  2.347s
  [29/40] satellite-diamond    r3 neutral  addonly_merged n=4  2.405s
  [29/40] satellite-diamond    r3 neutral  addonly_meta  n=4  2.332s
  [29/40] satellite-diamond    r3 neutral  addonly_flag  n=4  2.325s
  [30/40] satellite-twochain   r0 restated addonly       n=4  2.457s
  [30/40] satellite-twochain   r0 restated addonly_merged n=4  2.412s
  [30/40] satellite-twochain   r0 restated addonly_meta  n=4  2.422s
  [30/40] satellite-twochain   r0 restated addonly_flag  n=4  2.312s
  resume: 58 of 96 already complete, 38 left
=== E29-S free-length: llama3.2:3b, 38 dialogues x 2 arms x 4 designs = 304 calls ===

  [ 1/38] satellite-twochain   r0 restated addonly       n=4  2.418s
  [ 1/38] satellite-twochain   r0 restated addonly_merged n=4  2.374s
  [ 1/38] satellite-twochain   r0 restated addonly_meta  n=4  2.423s
  [ 1/38] satellite-twochain   r0 restated addonly_flag  n=4  2.355s
  [ 1/38] satellite-twochain   r0 neutral  addonly       n=4  2.347s
  [ 1/38] satellite-twochain   r0 neutral  addonly_merged n=4  2.419s
  [ 1/38] satellite-twochain   r0 neutral  addonly_meta  n=4  2.404s
  [ 1/38] satellite-twochain   r0 neutral  addonly_flag  n=4  2.337s
  [ 2/38] satellite-twochain   r1 restated addonly       n=4  2.41s
  [ 2/38] satellite-twochain   r1 restated addonly_merged n=4  2.391s
  [ 2/38] satellite-twochain   r1 restated addonly_meta  n=4  2.35s
  [ 2/38] satellite-twochain   r1 restated addonly_flag  n=4  2.293s
  [ 2/38] satellite-twochain   r1 neutral  addonly       n=4  2.292s
  [ 2/38] satellite-twochain   r1 neutral  addonly_merged n=4  2.316s
  [ 2/38] satellite-twochain   r1 neutral  addonly_meta  n=4  2.305s
  [ 2/38] satellite-twochain   r1 neutral  addonly_flag  n=4  2.284s
  [ 3/38] satellite-twochain   r3 restated addonly       n=4  2.44s
  [ 3/38] satellite-twochain   r3 restated addonly_merged n=4  2.33s
  [ 3/38] satellite-twochain   r3 restated addonly_meta  n=4  2.343s
  [ 3/38] satellite-twochain   r3 restated addonly_flag  n=4  2.416s
  [ 3/38] satellite-twochain   r3 neutral  addonly       n=4  2.384s
  [ 3/38] satellite-twochain   r3 neutral  addonly_merged n=4  2.343s
  [ 3/38] satellite-twochain   r3 neutral  addonly_meta  n=4  2.336s
  [ 3/38] satellite-twochain   r3 neutral  addonly_flag  n=4  2.426s
  [ 4/38] satellite-star       r0 restated addonly       n=4  2.329s
  [ 4/38] satellite-star       r0 restated addonly_merged n=4  2.308s
  [ 4/38] satellite-star       r0 restated addonly_meta  n=4  2.417s
  [ 4/38] satellite-star       r0 restated addonly_flag  n=4  2.307s
  [ 4/38] satellite-star       r0 neutral  addonly       n=4  2.362s
  [ 4/38] satellite-star       r0 neutral  addonly_merged n=4  2.331s
  [ 4/38] satellite-star       r0 neutral  addonly_meta  n=4  2.322s
  [ 4/38] satellite-star       r0 neutral  addonly_flag  n=4  2.304s
  [ 5/38] satellite-star       r1 restated addonly       n=4  2.317s
  [ 5/38] satellite-star       r1 restated addonly_merged n=4  2.303s
  [ 5/38] satellite-star       r1 restated addonly_meta  n=4  2.334s
  [ 5/38] satellite-star       r1 restated addonly_flag  n=4  2.312s
  [ 5/38] satellite-star       r1 neutral  addonly       n=4  2.331s
  [ 5/38] satellite-star       r1 neutral  addonly_merged n=4  2.333s
  [ 5/38] satellite-star       r1 neutral  addonly_meta  n=4  2.298s
  [ 5/38] satellite-star       r1 neutral  addonly_flag  n=4  2.342s
  [ 6/38] satellite-star       r3 restated addonly       n=4  2.381s
  [ 6/38] satellite-star       r3 restated addonly_merged n=4  2.313s
  [ 6/38] satellite-star       r3 restated addonly_meta  n=4  2.404s
  [ 6/38] satellite-star       r3 restated addonly_flag  n=4  2.322s
  [ 6/38] satellite-star       r3 neutral  addonly       n=4  2.426s
  [ 6/38] satellite-star       r3 neutral  addonly_merged n=4  2.365s
  [ 6/38] satellite-star       r3 neutral  addonly_meta  n=4  2.331s
  [ 6/38] satellite-star       r3 neutral  addonly_flag  n=4  2.324s
  [ 7/38] brewery-chain        r0 restated addonly       n=4  2.504s
  [ 7/38] brewery-chain        r0 restated addonly_merged n=4  2.328s
  [ 7/38] brewery-chain        r0 restated addonly_meta  n=4  2.344s
  [ 7/38] brewery-chain        r0 restated addonly_flag  n=4  2.416s
  [ 7/38] brewery-chain        r0 neutral  addonly       n=4  2.369s
  [ 7/38] brewery-chain        r0 neutral  addonly_merged n=4  2.439s
  [ 7/38] brewery-chain        r0 neutral  addonly_meta  n=4  2.381s
  [ 7/38] brewery-chain        r0 neutral  addonly_flag  n=4  2.367s
  [ 8/38] brewery-chain        r1 restated addonly       n=4  2.364s
  [ 8/38] brewery-chain        r1 restated addonly_merged n=4  2.348s
  [ 8/38] brewery-chain        r1 restated addonly_meta  n=4  2.34s
  [ 8/38] brewery-chain        r1 restated addonly_flag  n=4  2.314s
  [ 8/38] brewery-chain        r1 neutral  addonly       n=4  2.384s
  [ 8/38] brewery-chain        r1 neutral  addonly_merged n=4  2.342s
  [ 8/38] brewery-chain        r1 neutral  addonly_meta  n=4  2.352s
  [ 8/38] brewery-chain        r1 neutral  addonly_flag  n=4  2.339s
  [ 9/38] brewery-fork         r0 restated addonly       n=4  2.35s
  [ 9/38] brewery-fork         r0 restated addonly_merged n=4  2.329s
  [ 9/38] brewery-fork         r0 restated addonly_meta  n=4  2.345s
  [ 9/38] brewery-fork         r0 restated addonly_flag  n=4  2.339s
  [ 9/38] brewery-fork         r0 neutral  addonly       n=4  2.337s
  [ 9/38] brewery-fork         r0 neutral  addonly_merged n=4  2.327s
  [ 9/38] brewery-fork         r0 neutral  addonly_meta  n=4  2.367s
  [ 9/38] brewery-fork         r0 neutral  addonly_flag  n=4  2.362s
  [10/38] brewery-fork         r1 restated addonly       n=4  2.332s
  [10/38] brewery-fork         r1 restated addonly_merged n=4  2.349s
  [10/38] brewery-fork         r1 restated addonly_meta  n=4  2.357s
  [10/38] brewery-fork         r1 restated addonly_flag  n=4  5.904s
  [10/38] brewery-fork         r1 neutral  addonly       n=4  2.31s
  [10/38] brewery-fork         r1 neutral  addonly_merged n=4  2.281s
  [10/38] brewery-fork         r1 neutral  addonly_meta  n=4  2.312s
  [10/38] brewery-fork         r1 neutral  addonly_flag  n=4  2.31s
  [11/38] brewery-join         r0 restated addonly       n=4  2.402s
  [11/38] brewery-join         r0 restated addonly_merged n=4  2.285s
  [11/38] brewery-join         r0 restated addonly_meta  n=4  2.352s
  [11/38] brewery-join         r0 restated addonly_flag  n=4  2.293s
  [11/38] brewery-join         r0 neutral  addonly       n=4  2.31s
  [11/38] brewery-join         r0 neutral  addonly_merged n=4  2.313s
  [11/38] brewery-join         r0 neutral  addonly_meta  n=4  2.302s
  [11/38] brewery-join         r0 neutral  addonly_flag  n=4  2.301s
  [12/38] brewery-join         r1 restated addonly       n=4  2.303s
  [12/38] brewery-join         r1 restated addonly_merged n=4  2.324s
  [12/38] brewery-join         r1 restated addonly_meta  n=4  2.335s
  [12/38] brewery-join         r1 restated addonly_flag  n=4  2.343s
  [12/38] brewery-join         r1 neutral  addonly       n=4  2.28s
  [12/38] brewery-join         r1 neutral  addonly_merged n=4  2.461s
  [12/38] brewery-join         r1 neutral  addonly_meta  n=4  2.601s
  [12/38] brewery-join         r1 neutral  addonly_flag  n=4  2.308s
  [13/38] brewery-join         r3 restated addonly       n=4  2.309s
  [13/38] brewery-join         r3 restated addonly_merged n=4  2.324s
  [13/38] brewery-join         r3 restated addonly_meta  n=4  2.296s
  [13/38] brewery-join         r3 restated addonly_flag  n=4  2.34s
  [13/38] brewery-join         r3 neutral  addonly       n=4  2.297s
  [13/38] brewery-join         r3 neutral  addonly_merged n=4  2.309s
  [13/38] brewery-join         r3 neutral  addonly_meta  n=4  2.28s
  [13/38] brewery-join         r3 neutral  addonly_flag  n=4  2.289s
  [14/38] brewery-diamond      r0 restated addonly       n=4  2.288s
  [14/38] brewery-diamond      r0 restated addonly_merged n=4  2.325s
  [14/38] brewery-diamond      r0 restated addonly_meta  n=4  2.324s
  [14/38] brewery-diamond      r0 restated addonly_flag  n=4  2.319s
  [14/38] brewery-diamond      r0 neutral  addonly       n=4  2.415s
  [14/38] brewery-diamond      r0 neutral  addonly_merged n=4  2.275s
  [14/38] brewery-diamond      r0 neutral  addonly_meta  n=4  2.338s
  [14/38] brewery-diamond      r0 neutral  addonly_flag  n=4  2.291s
  [15/38] brewery-diamond      r1 restated addonly       n=4  2.378s
  [15/38] brewery-diamond      r1 restated addonly_merged n=4  2.359s
  [15/38] brewery-diamond      r1 restated addonly_meta  n=4  2.292s
  [15/38] brewery-diamond      r1 restated addonly_flag  n=4  2.319s
  [15/38] brewery-diamond      r1 neutral  addonly       n=4  2.308s
  [15/38] brewery-diamond      r1 neutral  addonly_merged n=4  2.326s
  [15/38] brewery-diamond      r1 neutral  addonly_meta  n=4  2.279s
  [15/38] brewery-diamond      r1 neutral  addonly_flag  n=4  2.27s
  [16/38] brewery-diamond      r3 restated addonly       n=4  2.277s
  [16/38] brewery-diamond      r3 restated addonly_merged n=4  2.278s
  [16/38] brewery-diamond      r3 restated addonly_meta  n=4  2.39s
  [16/38] brewery-diamond      r3 restated addonly_flag  n=4  2.354s
  [16/38] brewery-diamond      r3 neutral  addonly       n=4  2.297s
  [16/38] brewery-diamond      r3 neutral  addonly_merged n=4  2.377s
  [16/38] brewery-diamond      r3 neutral  addonly_meta  n=4  2.287s
  [16/38] brewery-diamond      r3 neutral  addonly_flag  n=4  2.367s
  [17/38] brewery-twochain     r0 restated addonly       n=4  2.371s
  [17/38] brewery-twochain     r0 restated addonly_merged n=4  2.383s
  [17/38] brewery-twochain     r0 restated addonly_meta  n=4  2.379s
  [17/38] brewery-twochain     r0 restated addonly_flag  n=4  2.371s
  [17/38] brewery-twochain     r0 neutral  addonly       n=4  2.39s
  [17/38] brewery-twochain     r0 neutral  addonly_merged n=4  2.396s
  [17/38] brewery-twochain     r0 neutral  addonly_meta  n=4  2.362s
  [17/38] brewery-twochain     r0 neutral  addonly_flag  n=4  2.386s
  [18/38] brewery-twochain     r1 restated addonly       n=4  2.268s
  [18/38] brewery-twochain     r1 restated addonly_merged n=4  2.368s
  [18/38] brewery-twochain     r1 restated addonly_meta  n=4  2.402s
  [18/38] brewery-twochain     r1 restated addonly_flag  n=4  2.28s
  [18/38] brewery-twochain     r1 neutral  addonly       n=4  2.384s
  [18/38] brewery-twochain     r1 neutral  addonly_merged n=4  2.313s
  [18/38] brewery-twochain     r1 neutral  addonly_meta  n=4  2.299s
  [18/38] brewery-twochain     r1 neutral  addonly_flag  n=4  2.333s
  [19/38] brewery-twochain     r3 restated addonly       n=4  2.28s
  [19/38] brewery-twochain     r3 restated addonly_merged n=4  2.332s
  [19/38] brewery-twochain     r3 restated addonly_meta  n=4  2.301s
  [19/38] brewery-twochain     r3 restated addonly_flag  n=4  2.284s
  [19/38] brewery-twochain     r3 neutral  addonly       n=4  2.406s
  [19/38] brewery-twochain     r3 neutral  addonly_merged n=4  2.395s
  [19/38] brewery-twochain     r3 neutral  addonly_meta  n=4  2.326s
  [19/38] brewery-twochain     r3 neutral  addonly_flag  n=4  2.295s
  [20/38] brewery-star         r0 restated addonly       n=4  2.308s
  [20/38] brewery-star         r0 restated addonly_merged n=4  2.368s
  [20/38] brewery-star         r0 restated addonly_meta  n=4  2.31s
  [20/38] brewery-star         r0 restated addonly_flag  n=4  2.382s
  [20/38] brewery-star         r0 neutral  addonly       n=4  2.383s
  [20/38] brewery-star         r0 neutral  addonly_merged n=4  2.358s
  [20/38] brewery-star         r0 neutral  addonly_meta  n=4  2.246s
  [20/38] brewery-star         r0 neutral  addonly_flag  n=4  2.303s
  [21/38] brewery-star         r1 restated addonly       n=4  2.313s
  [21/38] brewery-star         r1 restated addonly_merged n=4  2.319s
  [21/38] brewery-star         r1 restated addonly_meta  n=4  2.29s
  [21/38] brewery-star         r1 restated addonly_flag  n=4  2.302s
  [21/38] brewery-star         r1 neutral  addonly       n=4  2.332s
  [21/38] brewery-star         r1 neutral  addonly_merged n=4  2.338s
  [21/38] brewery-star         r1 neutral  addonly_meta  n=4  2.29s
  [21/38] brewery-star         r1 neutral  addonly_flag  n=4  2.299s
  [22/38] brewery-star         r3 restated addonly       n=4  2.267s
  [22/38] brewery-star         r3 restated addonly_merged n=4  2.322s
  [22/38] brewery-star         r3 restated addonly_meta  n=4  2.295s
  [22/38] brewery-star         r3 restated addonly_flag  n=4  2.31s
  [22/38] brewery-star         r3 neutral  addonly       n=4  2.31s
  [22/38] brewery-star         r3 neutral  addonly_merged n=4  2.303s
  [22/38] brewery-star         r3 neutral  addonly_meta  n=4  2.331s
  [22/38] brewery-star         r3 neutral  addonly_flag  n=4  2.299s
  [23/38] rail-chain           r0 restated addonly       n=4  2.307s
  [23/38] rail-chain           r0 restated addonly_merged n=4  2.29s
  [23/38] rail-chain           r0 restated addonly_meta  n=4  2.376s
  [23/38] rail-chain           r0 restated addonly_flag  n=4  2.236s
  [23/38] rail-chain           r0 neutral  addonly       n=4  2.343s
  [23/38] rail-chain           r0 neutral  addonly_merged n=4  2.357s
  [23/38] rail-chain           r0 neutral  addonly_meta  n=4  2.291s
  [23/38] rail-chain           r0 neutral  addonly_flag  n=4  2.345s
  [24/38] rail-chain           r1 restated addonly       n=4  2.389s
  [24/38] rail-chain           r1 restated addonly_merged n=4  2.302s
  [24/38] rail-chain           r1 restated addonly_meta  n=4  2.372s
  [24/38] rail-chain           r1 restated addonly_flag  n=4  2.319s
  [24/38] rail-chain           r1 neutral  addonly       n=4  2.339s
  [24/38] rail-chain           r1 neutral  addonly_merged n=4  2.328s
  [24/38] rail-chain           r1 neutral  addonly_meta  n=4  2.35s
  [24/38] rail-chain           r1 neutral  addonly_flag  n=4  2.324s
  [25/38] rail-fork            r0 restated addonly       n=4  2.287s
  [25/38] rail-fork            r0 restated addonly_merged n=4  2.257s
  [25/38] rail-fork            r0 restated addonly_meta  n=4  2.312s
  [25/38] rail-fork            r0 restated addonly_flag  n=4  2.301s
  [25/38] rail-fork            r0 neutral  addonly       n=4  2.286s
  [25/38] rail-fork            r0 neutral  addonly_merged n=4  2.29s
  [25/38] rail-fork            r0 neutral  addonly_meta  n=4  2.276s
  [25/38] rail-fork            r0 neutral  addonly_flag  n=4  2.367s
  [26/38] rail-fork            r1 restated addonly       n=4  2.281s
  [26/38] rail-fork            r1 restated addonly_merged n=4  2.269s
  [26/38] rail-fork            r1 restated addonly_meta  n=4  2.359s
  [26/38] rail-fork            r1 restated addonly_flag  n=4  2.256s
  [26/38] rail-fork            r1 neutral  addonly       n=4  2.3s
  [26/38] rail-fork            r1 neutral  addonly_merged n=4  2.252s
  [26/38] rail-fork            r1 neutral  addonly_meta  n=3  2.296s
  [26/38] rail-fork            r1 neutral  addonly_flag  n=4  2.277s
  [27/38] rail-join            r0 restated addonly       n=4  2.282s
  [27/38] rail-join            r0 restated addonly_merged n=4  2.293s
  [27/38] rail-join            r0 restated addonly_meta  n=4  2.321s
  [27/38] rail-join            r0 restated addonly_flag  n=4  2.36s
  [27/38] rail-join            r0 neutral  addonly       n=4  2.326s
  [27/38] rail-join            r0 neutral  addonly_merged n=4  2.334s
  [27/38] rail-join            r0 neutral  addonly_meta  n=4  2.299s
  [27/38] rail-join            r0 neutral  addonly_flag  n=4  2.301s
  [28/38] rail-join            r1 restated addonly       n=4  2.333s
  [28/38] rail-join            r1 restated addonly_merged n=4  2.301s
  [28/38] rail-join            r1 restated addonly_meta  n=4  2.287s
  [28/38] rail-join            r1 restated addonly_flag  n=4  2.273s
  [28/38] rail-join            r1 neutral  addonly       n=4  2.283s
  [28/38] rail-join            r1 neutral  addonly_merged n=4  2.354s
  [28/38] rail-join            r1 neutral  addonly_meta  n=4  2.293s
  [28/38] rail-join            r1 neutral  addonly_flag  n=4  2.332s
  [29/38] rail-join            r3 restated addonly       n=4  2.308s
  [29/38] rail-join            r3 restated addonly_merged n=4  2.328s
  [29/38] rail-join            r3 restated addonly_meta  n=4  2.381s
  [29/38] rail-join            r3 restated addonly_flag  n=4  2.279s
  [29/38] rail-join            r3 neutral  addonly       n=4  2.36s
  [29/38] rail-join            r3 neutral  addonly_merged n=4  2.377s
  resume: 86 of 96 already complete, 10 left
=== E29-S free-length: llama3.2:3b, 10 dialogues x 2 arms x 4 designs = 80 calls ===

  [ 1/10] rail-join            r3 restated addonly       n=4  2.3s
  [ 1/10] rail-join            r3 restated addonly_merged n=4  2.298s
  [ 1/10] rail-join            r3 restated addonly_meta  n=4  2.34s
  [ 1/10] rail-join            r3 restated addonly_flag  n=4  2.351s
  [ 1/10] rail-join            r3 neutral  addonly       n=4  2.352s
  [ 1/10] rail-join            r3 neutral  addonly_merged n=4  2.359s
  [ 1/10] rail-join            r3 neutral  addonly_meta  n=4  2.342s
  [ 1/10] rail-join            r3 neutral  addonly_flag  n=4  2.357s
  [ 2/10] rail-diamond         r0 restated addonly       n=4  2.285s
  [ 2/10] rail-diamond         r0 restated addonly_merged n=4  2.334s
  [ 2/10] rail-diamond         r0 restated addonly_meta  n=4  2.365s
  [ 2/10] rail-diamond         r0 restated addonly_flag  n=4  2.337s
  [ 2/10] rail-diamond         r0 neutral  addonly       n=4  2.298s
  [ 2/10] rail-diamond         r0 neutral  addonly_merged n=4  2.34s
  [ 2/10] rail-diamond         r0 neutral  addonly_meta  n=4  2.368s
  [ 2/10] rail-diamond         r0 neutral  addonly_flag  n=4  2.377s
  [ 3/10] rail-diamond         r1 restated addonly       n=4  2.255s
  [ 3/10] rail-diamond         r1 restated addonly_merged n=4  2.257s
  [ 3/10] rail-diamond         r1 restated addonly_meta  n=4  2.286s
  [ 3/10] rail-diamond         r1 restated addonly_flag  n=4  2.266s
  [ 3/10] rail-diamond         r1 neutral  addonly       n=4  2.272s
  [ 3/10] rail-diamond         r1 neutral  addonly_merged n=4  2.26s
  [ 3/10] rail-diamond         r1 neutral  addonly_meta  n=4  2.275s
  [ 3/10] rail-diamond         r1 neutral  addonly_flag  n=4  2.294s
  [ 4/10] rail-diamond         r3 restated addonly       n=4  2.342s
  [ 4/10] rail-diamond         r3 restated addonly_merged n=4  2.387s
  [ 4/10] rail-diamond         r3 restated addonly_meta  n=4  2.269s
  [ 4/10] rail-diamond         r3 restated addonly_flag  n=4  2.265s
  [ 4/10] rail-diamond         r3 neutral  addonly       n=4  2.257s
  [ 4/10] rail-diamond         r3 neutral  addonly_merged n=4  2.337s
  [ 4/10] rail-diamond         r3 neutral  addonly_meta  n=4  2.345s
  [ 4/10] rail-diamond         r3 neutral  addonly_flag  n=4  2.314s
  [ 5/10] rail-twochain        r0 restated addonly       n=4  2.372s
  [ 5/10] rail-twochain        r0 restated addonly_merged n=4  2.349s
  [ 5/10] rail-twochain        r0 restated addonly_meta  n=4  2.314s
  [ 5/10] rail-twochain        r0 restated addonly_flag  n=4  2.287s
  [ 5/10] rail-twochain        r0 neutral  addonly       n=4  2.27s
  [ 5/10] rail-twochain        r0 neutral  addonly_merged n=4  2.319s
  [ 5/10] rail-twochain        r0 neutral  addonly_meta  n=4  2.322s
  [ 5/10] rail-twochain        r0 neutral  addonly_flag  n=4  2.338s
  [ 6/10] rail-twochain        r1 restated addonly       n=4  2.346s
  [ 6/10] rail-twochain        r1 restated addonly_merged n=4  2.299s
  [ 6/10] rail-twochain        r1 restated addonly_meta  n=4  2.342s
  [ 6/10] rail-twochain        r1 restated addonly_flag  n=4  2.356s
  [ 6/10] rail-twochain        r1 neutral  addonly       n=4  2.346s
  [ 6/10] rail-twochain        r1 neutral  addonly_merged n=4  2.376s
  [ 6/10] rail-twochain        r1 neutral  addonly_meta  n=4  2.352s
  [ 6/10] rail-twochain        r1 neutral  addonly_flag  n=4  2.351s
  [ 7/10] rail-twochain        r3 restated addonly       n=4  2.265s
  [ 7/10] rail-twochain        r3 restated addonly_merged n=4  2.357s
  [ 7/10] rail-twochain        r3 restated addonly_meta  n=4  2.384s
  [ 7/10] rail-twochain        r3 restated addonly_flag  n=4  2.375s
  [ 7/10] rail-twochain        r3 neutral  addonly       n=4  2.388s
  [ 7/10] rail-twochain        r3 neutral  addonly_merged n=4  2.335s
  [ 7/10] rail-twochain        r3 neutral  addonly_meta  n=4  2.333s
  [ 7/10] rail-twochain        r3 neutral  addonly_flag  n=4  2.379s
  [ 8/10] rail-star            r0 restated addonly       n=4  2.347s
  [ 8/10] rail-star            r0 restated addonly_merged n=4  2.283s
  [ 8/10] rail-star            r0 restated addonly_meta  n=4  2.341s
  [ 8/10] rail-star            r0 restated addonly_flag  n=4  2.297s
  [ 8/10] rail-star            r0 neutral  addonly       n=4  2.347s
  [ 8/10] rail-star            r0 neutral  addonly_merged n=4  2.365s
  [ 8/10] rail-star            r0 neutral  addonly_meta  n=4  2.365s
  [ 8/10] rail-star            r0 neutral  addonly_flag  n=4  2.361s
  [ 9/10] rail-star            r1 restated addonly       n=4  2.362s
  [ 9/10] rail-star            r1 restated addonly_merged n=4  2.349s
  [ 9/10] rail-star            r1 restated addonly_meta  n=4  2.388s
  [ 9/10] rail-star            r1 restated addonly_flag  n=4  2.35s
  [ 9/10] rail-star            r1 neutral  addonly       n=4  2.344s
  [ 9/10] rail-star            r1 neutral  addonly_merged n=4  2.348s
  [ 9/10] rail-star            r1 neutral  addonly_meta  n=4  2.364s
  [ 9/10] rail-star            r1 neutral  addonly_flag  n=4  2.278s
  [10/10] rail-star            r3 restated addonly       n=4  2.352s
  [10/10] rail-star            r3 restated addonly_merged n=4  2.353s
  [10/10] rail-star            r3 restated addonly_meta  n=4  2.368s
  [10/10] rail-star            r3 restated addonly_flag  n=4  2.29s
  [10/10] rail-star            r3 neutral  addonly       n=4  2.351s
  [10/10] rail-star            r3 neutral  addonly_merged n=4  2.346s
  [10/10] rail-star            r3 neutral  addonly_meta  n=4  2.376s
  [10/10] rail-star            r3 neutral  addonly_flag  n=4  2.263s

  wrote results/e29s_llama32-3b_r3.csv / .json
  design          arm       n   rejected_included  never_included  mean_plan
  addonly         restated  10  0                  0.714           4        
  addonly         neutral   10  0                  0.571           4        
  addonly_merged  restated  10  0                  0.571           4        
  addonly_merged  neutral   10  0                  0.571           4        
  addonly_meta    restated  10  0                  0.714           4        
  addonly_meta    neutral   10  0                  0.571           4        
  addonly_flag    restated  10  0.5                0.714           4        
  addonly_flag    neutral   10  0.6                0.714           4        

  parse 1.000   mean |plan| 4.00
  resume: 0 of 96 already complete, 96 left
=== E29-S free-length: qwen2.5:14b-instruct, 40 dialogues x 2 arms x 4 designs = 320 calls ===

  [ 1/40] payments-chain       r0 restated addonly       n=4  11.276s
  [ 1/40] payments-chain       r0 restated addonly_merged n=4  2.751s
  [ 1/40] payments-chain       r0 restated addonly_meta  n=4  2.809s
  [ 1/40] payments-chain       r0 restated addonly_flag  n=4  2.734s
  [ 1/40] payments-chain       r0 neutral  addonly       n=4  2.752s
  [ 1/40] payments-chain       r0 neutral  addonly_merged n=4  2.753s
  [ 1/40] payments-chain       r0 neutral  addonly_meta  n=4  2.758s
  [ 1/40] payments-chain       r0 neutral  addonly_flag  n=4  2.802s
  [ 2/40] payments-chain       r1 restated addonly       n=4  2.777s
  [ 2/40] payments-chain       r1 restated addonly_merged n=4  2.762s
  [ 2/40] payments-chain       r1 restated addonly_meta  n=4  2.767s
  [ 2/40] payments-chain       r1 restated addonly_flag  n=4  2.746s
  [ 2/40] payments-chain       r1 neutral  addonly       n=4  2.81s
  [ 2/40] payments-chain       r1 neutral  addonly_merged n=4  2.733s
  [ 2/40] payments-chain       r1 neutral  addonly_meta  n=4  2.779s
  [ 2/40] payments-chain       r1 neutral  addonly_flag  n=4  2.751s
  [ 3/40] payments-fork        r0 restated addonly       n=4  2.817s
  [ 3/40] payments-fork        r0 restated addonly_merged n=4  2.747s
  [ 3/40] payments-fork        r0 restated addonly_meta  n=4  2.799s
  [ 3/40] payments-fork        r0 restated addonly_flag  n=4  2.805s
  [ 3/40] payments-fork        r0 neutral  addonly       n=4  2.793s
  [ 3/40] payments-fork        r0 neutral  addonly_merged n=4  2.783s
  [ 3/40] payments-fork        r0 neutral  addonly_meta  n=4  2.788s
  [ 3/40] payments-fork        r0 neutral  addonly_flag  n=4  2.794s
  [ 4/40] payments-fork        r1 restated addonly       n=4  2.792s
  [ 4/40] payments-fork        r1 restated addonly_merged n=4  2.736s
  [ 4/40] payments-fork        r1 restated addonly_meta  n=4  2.738s
  [ 4/40] payments-fork        r1 restated addonly_flag  n=4  2.768s
  [ 4/40] payments-fork        r1 neutral  addonly       n=4  2.764s
  [ 4/40] payments-fork        r1 neutral  addonly_merged n=4  2.743s
  [ 4/40] payments-fork        r1 neutral  addonly_meta  n=4  2.795s
  [ 4/40] payments-fork        r1 neutral  addonly_flag  n=4  2.752s
  [ 5/40] payments-join        r0 restated addonly       n=4  2.805s
  [ 5/40] payments-join        r0 restated addonly_merged n=4  2.752s
  [ 5/40] payments-join        r0 restated addonly_meta  n=4  2.781s
  [ 5/40] payments-join        r0 restated addonly_flag  n=4  2.778s
  [ 5/40] payments-join        r0 neutral  addonly       n=4  2.777s
  [ 5/40] payments-join        r0 neutral  addonly_merged n=4  2.777s
  [ 5/40] payments-join        r0 neutral  addonly_meta  n=4  2.779s
  [ 5/40] payments-join        r0 neutral  addonly_flag  n=4  2.793s
  [ 6/40] payments-join        r1 restated addonly       n=4  2.783s
  [ 6/40] payments-join        r1 restated addonly_merged n=4  2.747s
  [ 6/40] payments-join        r1 restated addonly_meta  n=4  2.79s
  [ 6/40] payments-join        r1 restated addonly_flag  n=4  2.773s
  [ 6/40] payments-join        r1 neutral  addonly       n=4  2.822s
  [ 6/40] payments-join        r1 neutral  addonly_merged n=4  2.758s
  [ 6/40] payments-join        r1 neutral  addonly_meta  n=4  2.803s
  [ 6/40] payments-join        r1 neutral  addonly_flag  n=4  2.816s
  [ 7/40] payments-join        r3 restated addonly       n=4  2.792s
  [ 7/40] payments-join        r3 restated addonly_merged n=4  2.803s
  [ 7/40] payments-join        r3 restated addonly_meta  n=4  2.786s
  [ 7/40] payments-join        r3 restated addonly_flag  n=4  2.745s
  [ 7/40] payments-join        r3 neutral  addonly       n=4  2.762s
  [ 7/40] payments-join        r3 neutral  addonly_merged n=4  2.792s
  [ 7/40] payments-join        r3 neutral  addonly_meta  n=4  2.744s
  [ 7/40] payments-join        r3 neutral  addonly_flag  n=4  2.732s
  [ 8/40] payments-diamond     r0 restated addonly       n=4  2.765s
  [ 8/40] payments-diamond     r0 restated addonly_merged n=4  2.713s
  [ 8/40] payments-diamond     r0 restated addonly_meta  n=4  2.763s
  [ 8/40] payments-diamond     r0 restated addonly_flag  n=4  2.779s
  [ 8/40] payments-diamond     r0 neutral  addonly       n=4  2.825s
  [ 8/40] payments-diamond     r0 neutral  addonly_merged n=4  2.771s
  [ 8/40] payments-diamond     r0 neutral  addonly_meta  n=4  2.789s
  [ 8/40] payments-diamond     r0 neutral  addonly_flag  n=4  2.718s
  [ 9/40] payments-diamond     r1 restated addonly       n=4  2.777s
  [ 9/40] payments-diamond     r1 restated addonly_merged n=4  2.75s
  [ 9/40] payments-diamond     r1 restated addonly_meta  n=4  2.762s
  [ 9/40] payments-diamond     r1 restated addonly_flag  n=4  2.746s
  [ 9/40] payments-diamond     r1 neutral  addonly       n=4  2.758s
  [ 9/40] payments-diamond     r1 neutral  addonly_merged n=4  2.747s
  [ 9/40] payments-diamond     r1 neutral  addonly_meta  n=4  2.733s
  [ 9/40] payments-diamond     r1 neutral  addonly_flag  n=4  2.694s
  [10/40] payments-diamond     r3 restated addonly       n=4  2.773s
  [10/40] payments-diamond     r3 restated addonly_merged n=4  2.746s
  [10/40] payments-diamond     r3 restated addonly_meta  n=4  2.823s
  [10/40] payments-diamond     r3 restated addonly_flag  n=4  2.719s
  [10/40] payments-diamond     r3 neutral  addonly       n=4  2.778s
  [10/40] payments-diamond     r3 neutral  addonly_merged n=4  2.772s
  [10/40] payments-diamond     r3 neutral  addonly_meta  n=4  2.787s
  [10/40] payments-diamond     r3 neutral  addonly_flag  n=4  2.764s
  [11/40] payments-twochain    r0 restated addonly       n=4  2.774s
  [11/40] payments-twochain    r0 restated addonly_merged n=4  2.799s
  [11/40] payments-twochain    r0 restated addonly_meta  n=4  2.774s
  [11/40] payments-twochain    r0 restated addonly_flag  n=4  2.763s
  [11/40] payments-twochain    r0 neutral  addonly       n=4  2.748s
  [11/40] payments-twochain    r0 neutral  addonly_merged n=4  2.813s
  [11/40] payments-twochain    r0 neutral  addonly_meta  n=4  2.821s
  [11/40] payments-twochain    r0 neutral  addonly_flag  n=4  2.761s
  [12/40] payments-twochain    r1 restated addonly       n=4  2.754s
  [12/40] payments-twochain    r1 restated addonly_merged n=4  2.723s
  [12/40] payments-twochain    r1 restated addonly_meta  n=4  2.765s
  [12/40] payments-twochain    r1 restated addonly_flag  n=4  2.78s
  [12/40] payments-twochain    r1 neutral  addonly       n=4  2.799s
  [12/40] payments-twochain    r1 neutral  addonly_merged n=4  2.758s
  [12/40] payments-twochain    r1 neutral  addonly_meta  n=4  2.767s
  [12/40] payments-twochain    r1 neutral  addonly_flag  n=4  2.773s
  [13/40] payments-twochain    r3 restated addonly       n=4  2.766s
  [13/40] payments-twochain    r3 restated addonly_merged n=4  2.763s
  [13/40] payments-twochain    r3 restated addonly_meta  n=4  2.813s
  [13/40] payments-twochain    r3 restated addonly_flag  n=4  2.76s
  [13/40] payments-twochain    r3 neutral  addonly       n=4  2.805s
  [13/40] payments-twochain    r3 neutral  addonly_merged n=4  2.766s
  [13/40] payments-twochain    r3 neutral  addonly_meta  n=4  2.817s
  [13/40] payments-twochain    r3 neutral  addonly_flag  n=4  2.757s
  [14/40] payments-star        r0 restated addonly       n=4  2.76s
  [14/40] payments-star        r0 restated addonly_merged n=4  2.763s
  [14/40] payments-star        r0 restated addonly_meta  n=4  2.819s
  [14/40] payments-star        r0 restated addonly_flag  n=4  2.756s
  [14/40] payments-star        r0 neutral  addonly       n=4  2.761s
  [14/40] payments-star        r0 neutral  addonly_merged n=4  2.726s
  [14/40] payments-star        r0 neutral  addonly_meta  n=4  2.756s
  [14/40] payments-star        r0 neutral  addonly_flag  n=4  2.754s
  [15/40] payments-star        r1 restated addonly       n=4  2.753s
  [15/40] payments-star        r1 restated addonly_merged n=4  2.775s
  [15/40] payments-star        r1 restated addonly_meta  n=4  2.76s
  [15/40] payments-star        r1 restated addonly_flag  n=4  2.724s
  [15/40] payments-star        r1 neutral  addonly       n=4  2.795s
  [15/40] payments-star        r1 neutral  addonly_merged n=4  2.782s
  [15/40] payments-star        r1 neutral  addonly_meta  n=4  2.747s
  [15/40] payments-star        r1 neutral  addonly_flag  n=4  2.776s
  [16/40] payments-star        r3 restated addonly       n=4  2.807s
  [16/40] payments-star        r3 restated addonly_merged n=4  2.762s
  [16/40] payments-star        r3 restated addonly_meta  n=4  2.774s
  [16/40] payments-star        r3 restated addonly_flag  n=4  2.769s
  [16/40] payments-star        r3 neutral  addonly       n=4  2.79s
  [16/40] payments-star        r3 neutral  addonly_merged n=4  2.733s
  [16/40] payments-star        r3 neutral  addonly_meta  n=4  2.75s
  [16/40] payments-star        r3 neutral  addonly_flag  n=4  2.749s
  [17/40] robotics-chain       r0 restated addonly       n=4  2.888s
  [17/40] robotics-chain       r0 restated addonly_merged n=4  2.809s
  [17/40] robotics-chain       r0 restated addonly_meta  n=4  2.872s
  [17/40] robotics-chain       r0 restated addonly_flag  n=4  2.798s
  [17/40] robotics-chain       r0 neutral  addonly       n=4  2.858s
  [17/40] robotics-chain       r0 neutral  addonly_merged n=4  2.903s
  [17/40] robotics-chain       r0 neutral  addonly_meta  n=4  2.864s
  [17/40] robotics-chain       r0 neutral  addonly_flag  n=4  2.786s
  [18/40] robotics-chain       r1 restated addonly       n=4  2.826s
  [18/40] robotics-chain       r1 restated addonly_merged n=4  2.8s
  [18/40] robotics-chain       r1 restated addonly_meta  n=4  2.812s
  [18/40] robotics-chain       r1 restated addonly_flag  n=4  2.785s
  [18/40] robotics-chain       r1 neutral  addonly       n=4  2.835s
  [18/40] robotics-chain       r1 neutral  addonly_merged n=4  2.779s
  [18/40] robotics-chain       r1 neutral  addonly_meta  n=4  2.822s
  [18/40] robotics-chain       r1 neutral  addonly_flag  n=4  2.858s
  [19/40] robotics-fork        r0 restated addonly       n=4  2.847s
  [19/40] robotics-fork        r0 restated addonly_merged n=4  2.819s
  [19/40] robotics-fork        r0 restated addonly_meta  n=4  2.801s
  [19/40] robotics-fork        r0 restated addonly_flag  n=4  2.814s
  [19/40] robotics-fork        r0 neutral  addonly       n=4  2.799s
  [19/40] robotics-fork        r0 neutral  addonly_merged n=4  2.858s
  [19/40] robotics-fork        r0 neutral  addonly_meta  n=4  2.839s
  [19/40] robotics-fork        r0 neutral  addonly_flag  n=4  2.824s
  [20/40] robotics-fork        r1 restated addonly       n=4  2.735s
  [20/40] robotics-fork        r1 restated addonly_merged n=4  2.79s
  [20/40] robotics-fork        r1 restated addonly_meta  n=4  2.804s
  [20/40] robotics-fork        r1 restated addonly_flag  n=4  2.733s
  [20/40] robotics-fork        r1 neutral  addonly       n=4  2.799s
  [20/40] robotics-fork        r1 neutral  addonly_merged n=4  2.796s
  [20/40] robotics-fork        r1 neutral  addonly_meta  n=4  2.729s
  [20/40] robotics-fork        r1 neutral  addonly_flag  n=4  2.784s
  [21/40] robotics-join        r0 restated addonly       n=4  2.814s
  [21/40] robotics-join        r0 restated addonly_merged n=4  2.807s
  [21/40] robotics-join        r0 restated addonly_meta  n=4  2.84s
  [21/40] robotics-join        r0 restated addonly_flag  n=4  2.823s
  [21/40] robotics-join        r0 neutral  addonly       n=4  2.797s
  [21/40] robotics-join        r0 neutral  addonly_merged n=4  2.81s
  [21/40] robotics-join        r0 neutral  addonly_meta  n=4  2.788s
  [21/40] robotics-join        r0 neutral  addonly_flag  n=4  2.784s
  [22/40] robotics-join        r1 restated addonly       n=4  2.914s
  [22/40] robotics-join        r1 restated addonly_merged n=4  2.904s
  [22/40] robotics-join        r1 restated addonly_meta  n=4  2.919s
  [22/40] robotics-join        r1 restated addonly_flag  n=4  2.882s
  [22/40] robotics-join        r1 neutral  addonly       n=4  2.919s
  [22/40] robotics-join        r1 neutral  addonly_merged n=4  2.872s
  [22/40] robotics-join        r1 neutral  addonly_meta  n=4  2.875s
  [22/40] robotics-join        r1 neutral  addonly_flag  n=4  2.813s
  [23/40] robotics-join        r3 restated addonly       n=4  2.915s
  [23/40] robotics-join        r3 restated addonly_merged n=4  2.826s
  [23/40] robotics-join        r3 restated addonly_meta  n=4  2.82s
  [23/40] robotics-join        r3 restated addonly_flag  n=4  2.801s
  [23/40] robotics-join        r3 neutral  addonly       n=4  2.83s
  [23/40] robotics-join        r3 neutral  addonly_merged n=4  2.823s
  [23/40] robotics-join        r3 neutral  addonly_meta  n=4  2.843s
  [23/40] robotics-join        r3 neutral  addonly_flag  n=4  2.789s
  [24/40] robotics-diamond     r0 restated addonly       n=4  2.808s
  [24/40] robotics-diamond     r0 restated addonly_merged n=4  2.864s
  [24/40] robotics-diamond     r0 restated addonly_meta  n=4  2.813s
  [24/40] robotics-diamond     r0 restated addonly_flag  n=4  2.826s
  [24/40] robotics-diamond     r0 neutral  addonly       n=4  2.825s
  [24/40] robotics-diamond     r0 neutral  addonly_merged n=4  2.85s
  [24/40] robotics-diamond     r0 neutral  addonly_meta  n=4  2.784s
  [24/40] robotics-diamond     r0 neutral  addonly_flag  n=4  2.806s
  [25/40] robotics-diamond     r1 restated addonly       n=4  2.929s
  [25/40] robotics-diamond     r1 restated addonly_merged n=4  2.837s
  [25/40] robotics-diamond     r1 restated addonly_meta  n=4  2.916s
  [25/40] robotics-diamond     r1 restated addonly_flag  n=4  2.801s
  [25/40] robotics-diamond     r1 neutral  addonly       n=4  2.877s
  resume: 24 of 96 already complete, 72 left
=== E29-S free-length: qwen2.5:14b-instruct, 40 dialogues x 2 arms x 4 designs = 320 calls ===

  [ 1/40] robotics-diamond     r1 restated addonly       n=4  2.874s
  [ 1/40] robotics-diamond     r1 restated addonly_merged n=4  2.731s
  [ 1/40] robotics-diamond     r1 restated addonly_meta  n=4  2.817s
  [ 1/40] robotics-diamond     r1 restated addonly_flag  n=4  2.752s
  [ 1/40] robotics-diamond     r1 neutral  addonly       n=4  2.763s
  [ 1/40] robotics-diamond     r1 neutral  addonly_merged n=4  2.818s
  [ 1/40] robotics-diamond     r1 neutral  addonly_meta  n=4  2.826s
  [ 1/40] robotics-diamond     r1 neutral  addonly_flag  n=4  2.813s
  [ 2/40] robotics-diamond     r3 restated addonly       n=4  2.78s
  [ 2/40] robotics-diamond     r3 restated addonly_merged n=4  2.784s
  [ 2/40] robotics-diamond     r3 restated addonly_meta  n=4  2.759s
  [ 2/40] robotics-diamond     r3 restated addonly_flag  n=4  2.853s
  [ 2/40] robotics-diamond     r3 neutral  addonly       n=4  2.733s
  [ 2/40] robotics-diamond     r3 neutral  addonly_merged n=4  2.745s
  [ 2/40] robotics-diamond     r3 neutral  addonly_meta  n=4  2.74s
  [ 2/40] robotics-diamond     r3 neutral  addonly_flag  n=4  2.797s
  [ 3/40] robotics-twochain    r0 restated addonly       n=4  2.802s
  [ 3/40] robotics-twochain    r0 restated addonly_merged n=4  2.815s
  [ 3/40] robotics-twochain    r0 restated addonly_meta  n=4  2.803s
  [ 3/40] robotics-twochain    r0 restated addonly_flag  n=4  2.781s
  [ 3/40] robotics-twochain    r0 neutral  addonly       n=4  2.848s
  [ 3/40] robotics-twochain    r0 neutral  addonly_merged n=4  2.797s
  [ 3/40] robotics-twochain    r0 neutral  addonly_meta  n=4  2.842s
  [ 3/40] robotics-twochain    r0 neutral  addonly_flag  n=4  2.765s
  [ 4/40] robotics-twochain    r1 restated addonly       n=4  2.87s
  [ 4/40] robotics-twochain    r1 restated addonly_merged n=4  2.872s
  [ 4/40] robotics-twochain    r1 restated addonly_meta  n=4  2.846s
  [ 4/40] robotics-twochain    r1 restated addonly_flag  n=4  2.886s
  [ 4/40] robotics-twochain    r1 neutral  addonly       n=4  2.836s
  [ 4/40] robotics-twochain    r1 neutral  addonly_merged n=4  2.882s
  [ 4/40] robotics-twochain    r1 neutral  addonly_meta  n=4  2.863s
  [ 4/40] robotics-twochain    r1 neutral  addonly_flag  n=4  2.845s
  [ 5/40] robotics-twochain    r3 restated addonly       n=4  2.835s
  [ 5/40] robotics-twochain    r3 restated addonly_merged n=4  2.841s
  [ 5/40] robotics-twochain    r3 restated addonly_meta  n=4  2.835s
  [ 5/40] robotics-twochain    r3 restated addonly_flag  n=4  2.811s
  [ 5/40] robotics-twochain    r3 neutral  addonly       n=4  2.8s
  [ 5/40] robotics-twochain    r3 neutral  addonly_merged n=4  2.841s
  [ 5/40] robotics-twochain    r3 neutral  addonly_meta  n=4  2.852s
  [ 5/40] robotics-twochain    r3 neutral  addonly_flag  n=4  2.843s
  [ 6/40] robotics-star        r0 restated addonly       n=4  2.837s
  [ 6/40] robotics-star        r0 restated addonly_merged n=4  2.827s
  [ 6/40] robotics-star        r0 restated addonly_meta  n=4  2.81s
  [ 6/40] robotics-star        r0 restated addonly_flag  n=4  2.809s
  [ 6/40] robotics-star        r0 neutral  addonly       n=4  2.88s
  [ 6/40] robotics-star        r0 neutral  addonly_merged n=4  2.838s
  [ 6/40] robotics-star        r0 neutral  addonly_meta  n=4  2.847s
  [ 6/40] robotics-star        r0 neutral  addonly_flag  n=4  2.826s
  [ 7/40] robotics-star        r1 restated addonly       n=4  2.838s
  [ 7/40] robotics-star        r1 restated addonly_merged n=4  2.817s
  [ 7/40] robotics-star        r1 restated addonly_meta  n=4  2.82s
  [ 7/40] robotics-star        r1 restated addonly_flag  n=4  2.816s
  [ 7/40] robotics-star        r1 neutral  addonly       n=4  2.833s
  [ 7/40] robotics-star        r1 neutral  addonly_merged n=4  2.813s
  [ 7/40] robotics-star        r1 neutral  addonly_meta  n=4  2.813s
  [ 7/40] robotics-star        r1 neutral  addonly_flag  n=4  2.775s
  [ 8/40] robotics-star        r3 restated addonly       n=4  2.759s
  [ 8/40] robotics-star        r3 restated addonly_merged n=4  2.817s
  [ 8/40] robotics-star        r3 restated addonly_meta  n=4  2.803s
  [ 8/40] robotics-star        r3 restated addonly_flag  n=4  2.809s
  [ 8/40] robotics-star        r3 neutral  addonly       n=4  2.769s
  [ 8/40] robotics-star        r3 neutral  addonly_merged n=4  2.788s
  [ 8/40] robotics-star        r3 neutral  addonly_meta  n=4  2.733s
  [ 8/40] robotics-star        r3 neutral  addonly_flag  n=4  2.794s
  [ 9/40] pharmacy-chain       r0 restated addonly       n=4  2.879s
  [ 9/40] pharmacy-chain       r0 restated addonly_merged n=4  2.826s
  [ 9/40] pharmacy-chain       r0 restated addonly_meta  n=4  2.815s
  [ 9/40] pharmacy-chain       r0 restated addonly_flag  n=4  2.796s
  [ 9/40] pharmacy-chain       r0 neutral  addonly       n=4  2.823s
  [ 9/40] pharmacy-chain       r0 neutral  addonly_merged n=4  2.769s
  [ 9/40] pharmacy-chain       r0 neutral  addonly_meta  n=4  2.857s
  [ 9/40] pharmacy-chain       r0 neutral  addonly_flag  n=4  2.776s
  [10/40] pharmacy-chain       r1 restated addonly       n=4  2.787s
  [10/40] pharmacy-chain       r1 restated addonly_merged n=4  2.833s
  [10/40] pharmacy-chain       r1 restated addonly_meta  n=4  2.782s
  [10/40] pharmacy-chain       r1 restated addonly_flag  n=4  2.687s
  [10/40] pharmacy-chain       r1 neutral  addonly       n=4  2.787s
  [10/40] pharmacy-chain       r1 neutral  addonly_merged n=4  2.762s
  [10/40] pharmacy-chain       r1 neutral  addonly_meta  n=4  2.77s
  [10/40] pharmacy-chain       r1 neutral  addonly_flag  n=4  2.781s
  [11/40] pharmacy-fork        r0 restated addonly       n=4  2.851s
  [11/40] pharmacy-fork        r0 restated addonly_merged n=4  2.824s
  [11/40] pharmacy-fork        r0 restated addonly_meta  n=4  2.856s
  [11/40] pharmacy-fork        r0 restated addonly_flag  n=4  2.834s
  [11/40] pharmacy-fork        r0 neutral  addonly       n=4  2.845s
  [11/40] pharmacy-fork        r0 neutral  addonly_merged n=4  2.792s
  [11/40] pharmacy-fork        r0 neutral  addonly_meta  n=4  2.752s
  [11/40] pharmacy-fork        r0 neutral  addonly_flag  n=4  2.763s
  [12/40] pharmacy-fork        r1 restated addonly       n=4  2.792s
  [12/40] pharmacy-fork        r1 restated addonly_merged n=4  2.772s
  [12/40] pharmacy-fork        r1 restated addonly_meta  n=4  2.777s
  [12/40] pharmacy-fork        r1 restated addonly_flag  n=4  2.885s
  [12/40] pharmacy-fork        r1 neutral  addonly       n=4  2.753s
  [12/40] pharmacy-fork        r1 neutral  addonly_merged n=4  2.759s
  [12/40] pharmacy-fork        r1 neutral  addonly_meta  n=4  2.706s
  [12/40] pharmacy-fork        r1 neutral  addonly_flag  n=4  2.799s
  [13/40] pharmacy-join        r0 restated addonly       n=4  2.788s
  [13/40] pharmacy-join        r0 restated addonly_merged n=4  2.738s
  [13/40] pharmacy-join        r0 restated addonly_meta  n=4  2.784s
  [13/40] pharmacy-join        r0 restated addonly_flag  n=4  2.736s
  [13/40] pharmacy-join        r0 neutral  addonly       n=4  2.76s
  [13/40] pharmacy-join        r0 neutral  addonly_merged n=4  2.726s
  [13/40] pharmacy-join        r0 neutral  addonly_meta  n=4  2.774s
  [13/40] pharmacy-join        r0 neutral  addonly_flag  n=4  2.731s
  [14/40] pharmacy-join        r1 restated addonly       n=4  2.769s
  [14/40] pharmacy-join        r1 restated addonly_merged n=4  2.821s
  [14/40] pharmacy-join        r1 restated addonly_meta  n=4  2.83s
  [14/40] pharmacy-join        r1 restated addonly_flag  n=4  2.817s
  [14/40] pharmacy-join        r1 neutral  addonly       n=4  2.878s
  [14/40] pharmacy-join        r1 neutral  addonly_merged n=4  2.784s
  [14/40] pharmacy-join        r1 neutral  addonly_meta  n=4  2.841s
  [14/40] pharmacy-join        r1 neutral  addonly_flag  n=4  2.796s
  [15/40] pharmacy-join        r3 restated addonly       n=4  2.788s
  [15/40] pharmacy-join        r3 restated addonly_merged n=4  2.827s
  [15/40] pharmacy-join        r3 restated addonly_meta  n=4  2.797s
  [15/40] pharmacy-join        r3 restated addonly_flag  n=4  2.8s
  [15/40] pharmacy-join        r3 neutral  addonly       n=4  2.82s
  [15/40] pharmacy-join        r3 neutral  addonly_merged n=4  2.733s
  [15/40] pharmacy-join        r3 neutral  addonly_meta  n=4  2.819s
  [15/40] pharmacy-join        r3 neutral  addonly_flag  n=4  2.834s
  [16/40] pharmacy-diamond     r0 restated addonly       n=4  2.783s
  [16/40] pharmacy-diamond     r0 restated addonly_merged n=4  2.745s
  [16/40] pharmacy-diamond     r0 restated addonly_meta  n=4  2.824s
  [16/40] pharmacy-diamond     r0 restated addonly_flag  n=4  2.704s
  [16/40] pharmacy-diamond     r0 neutral  addonly       n=4  2.794s
  [16/40] pharmacy-diamond     r0 neutral  addonly_merged n=4  2.789s
  [16/40] pharmacy-diamond     r0 neutral  addonly_meta  n=4  2.781s
  [16/40] pharmacy-diamond     r0 neutral  addonly_flag  n=4  2.803s
  [17/40] pharmacy-diamond     r1 restated addonly       n=4  2.811s
  [17/40] pharmacy-diamond     r1 restated addonly_merged n=4  2.802s
  [17/40] pharmacy-diamond     r1 restated addonly_meta  n=4  2.853s
  [17/40] pharmacy-diamond     r1 restated addonly_flag  n=4  2.793s
  [17/40] pharmacy-diamond     r1 neutral  addonly       n=4  2.787s
  [17/40] pharmacy-diamond     r1 neutral  addonly_merged n=4  2.838s
  [17/40] pharmacy-diamond     r1 neutral  addonly_meta  n=4  2.813s
  [17/40] pharmacy-diamond     r1 neutral  addonly_flag  n=4  2.703s
  [18/40] pharmacy-diamond     r3 restated addonly       n=4  2.745s
  [18/40] pharmacy-diamond     r3 restated addonly_merged n=4  2.735s
  [18/40] pharmacy-diamond     r3 restated addonly_meta  n=4  2.773s
  [18/40] pharmacy-diamond     r3 restated addonly_flag  n=4  2.726s
  [18/40] pharmacy-diamond     r3 neutral  addonly       n=4  2.734s
  [18/40] pharmacy-diamond     r3 neutral  addonly_merged n=4  2.732s
  [18/40] pharmacy-diamond     r3 neutral  addonly_meta  n=4  2.727s
  [18/40] pharmacy-diamond     r3 neutral  addonly_flag  n=4  2.726s
  [19/40] pharmacy-twochain    r0 restated addonly       n=4  2.746s
  [19/40] pharmacy-twochain    r0 restated addonly_merged n=4  2.768s
  [19/40] pharmacy-twochain    r0 restated addonly_meta  n=4  2.771s
  [19/40] pharmacy-twochain    r0 restated addonly_flag  n=4  2.732s
  [19/40] pharmacy-twochain    r0 neutral  addonly       n=4  2.777s
  [19/40] pharmacy-twochain    r0 neutral  addonly_merged n=4  2.758s
  [19/40] pharmacy-twochain    r0 neutral  addonly_meta  n=4  2.74s
  [19/40] pharmacy-twochain    r0 neutral  addonly_flag  n=4  2.751s
  [20/40] pharmacy-twochain    r1 restated addonly       n=4  2.851s
  [20/40] pharmacy-twochain    r1 restated addonly_merged n=4  2.868s
  [20/40] pharmacy-twochain    r1 restated addonly_meta  n=4  2.918s
  [20/40] pharmacy-twochain    r1 restated addonly_flag  n=4  2.76s
  [20/40] pharmacy-twochain    r1 neutral  addonly       n=4  2.868s
  [20/40] pharmacy-twochain    r1 neutral  addonly_merged n=4  2.845s
  [20/40] pharmacy-twochain    r1 neutral  addonly_meta  n=4  2.887s
  [20/40] pharmacy-twochain    r1 neutral  addonly_flag  n=4  2.879s
  [21/40] pharmacy-twochain    r3 restated addonly       n=4  2.874s
  [21/40] pharmacy-twochain    r3 restated addonly_merged n=4  2.868s
  [21/40] pharmacy-twochain    r3 restated addonly_meta  n=4  2.9s
  [21/40] pharmacy-twochain    r3 restated addonly_flag  n=4  2.764s
  [21/40] pharmacy-twochain    r3 neutral  addonly       n=4  2.88s
  [21/40] pharmacy-twochain    r3 neutral  addonly_merged n=4  2.883s
  [21/40] pharmacy-twochain    r3 neutral  addonly_meta  n=4  2.791s
  [21/40] pharmacy-twochain    r3 neutral  addonly_flag  n=4  2.751s
  [22/40] pharmacy-star        r0 restated addonly       n=4  2.767s
  [22/40] pharmacy-star        r0 restated addonly_merged n=4  2.75s
  [22/40] pharmacy-star        r0 restated addonly_meta  n=4  2.781s
  [22/40] pharmacy-star        r0 restated addonly_flag  n=4  2.756s
  [22/40] pharmacy-star        r0 neutral  addonly       n=4  2.741s
  [22/40] pharmacy-star        r0 neutral  addonly_merged n=4  2.745s
  [22/40] pharmacy-star        r0 neutral  addonly_meta  n=4  2.746s
  [22/40] pharmacy-star        r0 neutral  addonly_flag  n=4  2.719s
  [23/40] pharmacy-star        r1 restated addonly       n=4  2.836s
  [23/40] pharmacy-star        r1 restated addonly_merged n=4  2.829s
  [23/40] pharmacy-star        r1 restated addonly_meta  n=4  2.824s
  [23/40] pharmacy-star        r1 restated addonly_flag  n=4  2.817s
  [23/40] pharmacy-star        r1 neutral  addonly       n=4  2.84s
  [23/40] pharmacy-star        r1 neutral  addonly_merged n=4  2.881s
  [23/40] pharmacy-star        r1 neutral  addonly_meta  n=4  2.839s
  [23/40] pharmacy-star        r1 neutral  addonly_flag  n=4  2.806s
  [24/40] pharmacy-star        r3 restated addonly       n=4  2.805s
  [24/40] pharmacy-star        r3 restated addonly_merged n=4  2.859s
  [24/40] pharmacy-star        r3 restated addonly_meta  n=4  2.888s
  [24/40] pharmacy-star        r3 restated addonly_flag  n=4  2.79s
  [24/40] pharmacy-star        r3 neutral  addonly       n=4  2.818s
  [24/40] pharmacy-star        r3 neutral  addonly_merged n=4  2.812s
  [24/40] pharmacy-star        r3 neutral  addonly_meta  n=4  2.822s
  [24/40] pharmacy-star        r3 neutral  addonly_flag  n=4  2.859s
  [25/40] satellite-chain      r0 restated addonly       n=4  2.904s
  [25/40] satellite-chain      r0 restated addonly_merged n=4  2.808s
  [25/40] satellite-chain      r0 restated addonly_meta  n=4  2.857s
  [25/40] satellite-chain      r0 restated addonly_flag  n=4  2.933s
  [25/40] satellite-chain      r0 neutral  addonly       n=4  2.83s
  [25/40] satellite-chain      r0 neutral  addonly_merged n=4  2.829s
  [25/40] satellite-chain      r0 neutral  addonly_meta  n=4  2.852s
  resume: 48 of 96 already complete, 48 left
=== E29-S free-length: qwen2.5:14b-instruct, 40 dialogues x 2 arms x 4 designs = 320 calls ===

  [ 1/40] satellite-chain      r0 restated addonly       n=4  2.856s
  [ 1/40] satellite-chain      r0 restated addonly_merged n=4  2.838s
  [ 1/40] satellite-chain      r0 restated addonly_meta  n=4  2.806s
  [ 1/40] satellite-chain      r0 restated addonly_flag  n=4  2.795s
  [ 1/40] satellite-chain      r0 neutral  addonly       n=4  2.826s
  [ 1/40] satellite-chain      r0 neutral  addonly_merged n=4  2.863s
  [ 1/40] satellite-chain      r0 neutral  addonly_meta  n=4  2.821s
  [ 1/40] satellite-chain      r0 neutral  addonly_flag  n=4  2.786s
  [ 2/40] satellite-chain      r1 restated addonly       n=4  2.891s
  [ 2/40] satellite-chain      r1 restated addonly_merged n=4  2.905s
  [ 2/40] satellite-chain      r1 restated addonly_meta  n=4  2.888s
  [ 2/40] satellite-chain      r1 restated addonly_flag  n=4  2.922s
  [ 2/40] satellite-chain      r1 neutral  addonly       n=4  2.847s
  [ 2/40] satellite-chain      r1 neutral  addonly_merged n=4  2.86s
  [ 2/40] satellite-chain      r1 neutral  addonly_meta  n=4  2.894s
  [ 2/40] satellite-chain      r1 neutral  addonly_flag  n=4  2.842s
  [ 3/40] satellite-fork       r0 restated addonly       n=4  2.866s
  [ 3/40] satellite-fork       r0 restated addonly_merged n=4  2.875s
  [ 3/40] satellite-fork       r0 restated addonly_meta  n=4  2.886s
  [ 3/40] satellite-fork       r0 restated addonly_flag  n=4  2.907s
  [ 3/40] satellite-fork       r0 neutral  addonly       n=4  2.857s
  [ 3/40] satellite-fork       r0 neutral  addonly_merged n=4  2.849s
  [ 3/40] satellite-fork       r0 neutral  addonly_meta  n=4  2.84s
  [ 3/40] satellite-fork       r0 neutral  addonly_flag  n=4  2.872s
  [ 4/40] satellite-fork       r1 restated addonly       n=4  2.835s
  [ 4/40] satellite-fork       r1 restated addonly_merged n=4  2.826s
  [ 4/40] satellite-fork       r1 restated addonly_meta  n=4  2.842s
  [ 4/40] satellite-fork       r1 restated addonly_flag  n=4  2.901s
  [ 4/40] satellite-fork       r1 neutral  addonly       n=4  2.807s
  [ 4/40] satellite-fork       r1 neutral  addonly_merged n=4  2.791s
  [ 4/40] satellite-fork       r1 neutral  addonly_meta  n=4  2.837s
  [ 4/40] satellite-fork       r1 neutral  addonly_flag  n=4  2.863s
  [ 5/40] satellite-join       r0 restated addonly       n=4  2.821s
  [ 5/40] satellite-join       r0 restated addonly_merged n=4  2.792s
  [ 5/40] satellite-join       r0 restated addonly_meta  n=4  2.835s
  [ 5/40] satellite-join       r0 restated addonly_flag  n=4  2.77s
  [ 5/40] satellite-join       r0 neutral  addonly       n=4  2.808s
  [ 5/40] satellite-join       r0 neutral  addonly_merged n=4  2.806s
  [ 5/40] satellite-join       r0 neutral  addonly_meta  n=4  2.85s
  [ 5/40] satellite-join       r0 neutral  addonly_flag  n=4  2.795s
  [ 6/40] satellite-join       r1 restated addonly       n=4  2.868s
  [ 6/40] satellite-join       r1 restated addonly_merged n=4  2.867s
  [ 6/40] satellite-join       r1 restated addonly_meta  n=4  2.863s
  [ 6/40] satellite-join       r1 restated addonly_flag  n=4  2.816s
  [ 6/40] satellite-join       r1 neutral  addonly       n=4  2.9s
  [ 6/40] satellite-join       r1 neutral  addonly_merged n=4  2.904s
  [ 6/40] satellite-join       r1 neutral  addonly_meta  n=4  2.887s
  [ 6/40] satellite-join       r1 neutral  addonly_flag  n=4  2.807s
  [ 7/40] satellite-join       r3 restated addonly       n=4  2.888s
  [ 7/40] satellite-join       r3 restated addonly_merged n=4  2.854s
  [ 7/40] satellite-join       r3 restated addonly_meta  n=4  2.852s
  [ 7/40] satellite-join       r3 restated addonly_flag  n=4  2.782s
  [ 7/40] satellite-join       r3 neutral  addonly       n=4  2.893s
  [ 7/40] satellite-join       r3 neutral  addonly_merged n=4  2.873s
  [ 7/40] satellite-join       r3 neutral  addonly_meta  n=4  2.875s
  [ 7/40] satellite-join       r3 neutral  addonly_flag  n=4  2.812s
  [ 8/40] satellite-diamond    r0 restated addonly       n=4  2.909s
  [ 8/40] satellite-diamond    r0 restated addonly_merged n=4  2.89s
  [ 8/40] satellite-diamond    r0 restated addonly_meta  n=4  2.924s
  [ 8/40] satellite-diamond    r0 restated addonly_flag  n=4  2.913s
  [ 8/40] satellite-diamond    r0 neutral  addonly       n=4  2.851s
  [ 8/40] satellite-diamond    r0 neutral  addonly_merged n=4  2.855s
  [ 8/40] satellite-diamond    r0 neutral  addonly_meta  n=4  2.863s
  [ 8/40] satellite-diamond    r0 neutral  addonly_flag  n=4  2.901s
  [ 9/40] satellite-diamond    r1 restated addonly       n=4  2.869s
  [ 9/40] satellite-diamond    r1 restated addonly_merged n=4  2.928s
  [ 9/40] satellite-diamond    r1 restated addonly_meta  n=4  2.913s
  [ 9/40] satellite-diamond    r1 restated addonly_flag  n=4  2.866s
  [ 9/40] satellite-diamond    r1 neutral  addonly       n=4  2.895s
  [ 9/40] satellite-diamond    r1 neutral  addonly_merged n=4  2.922s
  [ 9/40] satellite-diamond    r1 neutral  addonly_meta  n=4  2.871s
  [ 9/40] satellite-diamond    r1 neutral  addonly_flag  n=4  2.822s
  [10/40] satellite-diamond    r3 restated addonly       n=4  2.859s
  [10/40] satellite-diamond    r3 restated addonly_merged n=4  2.851s
  [10/40] satellite-diamond    r3 restated addonly_meta  n=4  2.849s
  [10/40] satellite-diamond    r3 restated addonly_flag  n=4  2.874s
  [10/40] satellite-diamond    r3 neutral  addonly       n=4  2.929s
  [10/40] satellite-diamond    r3 neutral  addonly_merged n=4  2.835s
  [10/40] satellite-diamond    r3 neutral  addonly_meta  n=4  2.856s
  [10/40] satellite-diamond    r3 neutral  addonly_flag  n=4  2.897s
  [11/40] satellite-twochain   r0 restated addonly       n=4  2.904s
  [11/40] satellite-twochain   r0 restated addonly_merged n=4  2.885s
  [11/40] satellite-twochain   r0 restated addonly_meta  n=4  2.94s
  [11/40] satellite-twochain   r0 restated addonly_flag  n=4  2.873s
  [11/40] satellite-twochain   r0 neutral  addonly       n=4  2.893s
  [11/40] satellite-twochain   r0 neutral  addonly_merged n=4  2.853s
  [11/40] satellite-twochain   r0 neutral  addonly_meta  n=4  2.942s
  [11/40] satellite-twochain   r0 neutral  addonly_flag  n=4  2.845s
  [12/40] satellite-twochain   r1 restated addonly       n=4  2.876s
  [12/40] satellite-twochain   r1 restated addonly_merged n=4  2.897s
  [12/40] satellite-twochain   r1 restated addonly_meta  n=4  2.822s
  [12/40] satellite-twochain   r1 restated addonly_flag  n=4  2.851s
  [12/40] satellite-twochain   r1 neutral  addonly       n=4  2.867s
  [12/40] satellite-twochain   r1 neutral  addonly_merged n=4  2.898s
  [12/40] satellite-twochain   r1 neutral  addonly_meta  n=4  2.794s
  [12/40] satellite-twochain   r1 neutral  addonly_flag  n=4  2.811s
  [13/40] satellite-twochain   r3 restated addonly       n=4  2.828s
  [13/40] satellite-twochain   r3 restated addonly_merged n=4  2.838s
  [13/40] satellite-twochain   r3 restated addonly_meta  n=4  2.87s
  [13/40] satellite-twochain   r3 restated addonly_flag  n=4  2.798s
  [13/40] satellite-twochain   r3 neutral  addonly       n=4  2.833s
  [13/40] satellite-twochain   r3 neutral  addonly_merged n=4  2.844s
  [13/40] satellite-twochain   r3 neutral  addonly_meta  n=4  2.838s
  [13/40] satellite-twochain   r3 neutral  addonly_flag  n=4  2.816s
  [14/40] satellite-star       r0 restated addonly       n=4  2.891s
  [14/40] satellite-star       r0 restated addonly_merged n=4  2.89s
  [14/40] satellite-star       r0 restated addonly_meta  n=4  2.888s
  [14/40] satellite-star       r0 restated addonly_flag  n=4  2.831s
  [14/40] satellite-star       r0 neutral  addonly       n=4  2.874s
  [14/40] satellite-star       r0 neutral  addonly_merged n=4  2.85s
  [14/40] satellite-star       r0 neutral  addonly_meta  n=4  2.873s
  [14/40] satellite-star       r0 neutral  addonly_flag  n=4  2.859s
  [15/40] satellite-star       r1 restated addonly       n=4  2.815s
  [15/40] satellite-star       r1 restated addonly_merged n=4  2.83s
  [15/40] satellite-star       r1 restated addonly_meta  n=4  2.82s
  [15/40] satellite-star       r1 restated addonly_flag  n=4  2.865s
  [15/40] satellite-star       r1 neutral  addonly       n=4  2.845s
  [15/40] satellite-star       r1 neutral  addonly_merged n=4  2.846s
  [15/40] satellite-star       r1 neutral  addonly_meta  n=4  2.852s
  [15/40] satellite-star       r1 neutral  addonly_flag  n=4  2.801s
  [16/40] satellite-star       r3 restated addonly       n=4  2.882s
  [16/40] satellite-star       r3 restated addonly_merged n=4  2.923s
  [16/40] satellite-star       r3 restated addonly_meta  n=4  2.899s
  [16/40] satellite-star       r3 restated addonly_flag  n=4  2.891s
  [16/40] satellite-star       r3 neutral  addonly       n=4  2.877s
  [16/40] satellite-star       r3 neutral  addonly_merged n=4  2.865s
  [16/40] satellite-star       r3 neutral  addonly_meta  n=4  2.891s
  [16/40] satellite-star       r3 neutral  addonly_flag  n=4  2.912s
  [17/40] brewery-chain        r0 restated addonly       n=4  2.901s
  [17/40] brewery-chain        r0 restated addonly_merged n=4  2.818s
  [17/40] brewery-chain        r0 restated addonly_meta  n=4  2.876s
  [17/40] brewery-chain        r0 restated addonly_flag  n=4  2.815s
  [17/40] brewery-chain        r0 neutral  addonly       n=4  2.869s
  [17/40] brewery-chain        r0 neutral  addonly_merged n=4  2.85s
  [17/40] brewery-chain        r0 neutral  addonly_meta  n=4  2.844s
  [17/40] brewery-chain        r0 neutral  addonly_flag  n=4  2.854s
  [18/40] brewery-chain        r1 restated addonly       n=4  2.848s
  [18/40] brewery-chain        r1 restated addonly_merged n=4  2.815s
  [18/40] brewery-chain        r1 restated addonly_meta  n=4  2.856s
  [18/40] brewery-chain        r1 restated addonly_flag  n=4  2.84s
  [18/40] brewery-chain        r1 neutral  addonly       n=4  2.803s
  [18/40] brewery-chain        r1 neutral  addonly_merged n=4  2.816s
  [18/40] brewery-chain        r1 neutral  addonly_meta  n=4  2.834s
  [18/40] brewery-chain        r1 neutral  addonly_flag  n=4  2.803s
  [19/40] brewery-fork         r0 restated addonly       n=4  2.781s
  [19/40] brewery-fork         r0 restated addonly_merged n=4  2.809s
  [19/40] brewery-fork         r0 restated addonly_meta  n=4  2.826s
  [19/40] brewery-fork         r0 restated addonly_flag  n=4  2.887s
  [19/40] brewery-fork         r0 neutral  addonly       n=4  2.832s
  [19/40] brewery-fork         r0 neutral  addonly_merged n=4  2.794s
  [19/40] brewery-fork         r0 neutral  addonly_meta  n=4  2.824s
  [19/40] brewery-fork         r0 neutral  addonly_flag  n=4  2.882s
  [20/40] brewery-fork         r1 restated addonly       n=4  2.848s
  [20/40] brewery-fork         r1 restated addonly_merged n=4  2.879s
  [20/40] brewery-fork         r1 restated addonly_meta  n=4  2.862s
  [20/40] brewery-fork         r1 restated addonly_flag  n=4  2.813s
  [20/40] brewery-fork         r1 neutral  addonly       n=4  2.836s
  [20/40] brewery-fork         r1 neutral  addonly_merged n=4  2.842s
  [20/40] brewery-fork         r1 neutral  addonly_meta  n=4  2.849s
  [20/40] brewery-fork         r1 neutral  addonly_flag  n=4  2.885s
  [21/40] brewery-join         r0 restated addonly       n=4  2.865s
  [21/40] brewery-join         r0 restated addonly_merged n=4  2.832s
  [21/40] brewery-join         r0 restated addonly_meta  n=4  2.862s
  [21/40] brewery-join         r0 restated addonly_flag  n=4  2.776s
  [21/40] brewery-join         r0 neutral  addonly       n=4  2.855s
  [21/40] brewery-join         r0 neutral  addonly_merged n=4  2.883s
  [21/40] brewery-join         r0 neutral  addonly_meta  n=4  2.864s
  [21/40] brewery-join         r0 neutral  addonly_flag  n=4  2.851s
  [22/40] brewery-join         r1 restated addonly       n=4  2.901s
  [22/40] brewery-join         r1 restated addonly_merged n=4  2.851s
  [22/40] brewery-join         r1 restated addonly_meta  n=4  2.873s
  [22/40] brewery-join         r1 restated addonly_flag  n=4  2.806s
  [22/40] brewery-join         r1 neutral  addonly       n=4  2.831s
  [22/40] brewery-join         r1 neutral  addonly_merged n=4  2.833s
  [22/40] brewery-join         r1 neutral  addonly_meta  n=4  2.819s
  [22/40] brewery-join         r1 neutral  addonly_flag  n=4  2.826s
  [23/40] brewery-join         r3 restated addonly       n=4  2.802s
  [23/40] brewery-join         r3 restated addonly_merged n=4  2.858s
  [23/40] brewery-join         r3 restated addonly_meta  n=4  2.753s
  [23/40] brewery-join         r3 restated addonly_flag  n=4  2.734s
  [23/40] brewery-join         r3 neutral  addonly       n=4  2.775s
  [23/40] brewery-join         r3 neutral  addonly_merged n=4  2.767s
  [23/40] brewery-join         r3 neutral  addonly_meta  n=4  2.848s
  [23/40] brewery-join         r3 neutral  addonly_flag  n=4  2.774s
  [24/40] brewery-diamond      r0 restated addonly       n=4  2.803s
  [24/40] brewery-diamond      r0 restated addonly_merged n=4  2.803s
  [24/40] brewery-diamond      r0 restated addonly_meta  n=4  2.836s
  [24/40] brewery-diamond      r0 restated addonly_flag  n=4  2.844s
  [24/40] brewery-diamond      r0 neutral  addonly       n=4  2.805s
  [24/40] brewery-diamond      r0 neutral  addonly_merged n=4  2.847s
  [24/40] brewery-diamond      r0 neutral  addonly_meta  n=4  2.822s
  [24/40] brewery-diamond      r0 neutral  addonly_flag  n=4  2.771s
  [25/40] brewery-diamond      r1 restated addonly       n=4  2.851s
  [25/40] brewery-diamond      r1 restated addonly_merged n=4  2.802s
  [25/40] brewery-diamond      r1 restated addonly_meta  n=4  2.789s
  [25/40] brewery-diamond      r1 restated addonly_flag  n=4  2.826s
  resume: 72 of 96 already complete, 24 left
=== E29-S free-length: qwen2.5:14b-instruct, 24 dialogues x 2 arms x 4 designs = 192 calls ===

  [ 1/24] brewery-diamond      r1 restated addonly       n=4  2.882s
  [ 1/24] brewery-diamond      r1 restated addonly_merged n=4  2.712s
  [ 1/24] brewery-diamond      r1 restated addonly_meta  n=4  2.815s
  [ 1/24] brewery-diamond      r1 restated addonly_flag  n=4  2.747s
  [ 1/24] brewery-diamond      r1 neutral  addonly       n=4  2.816s
  [ 1/24] brewery-diamond      r1 neutral  addonly_merged n=4  2.834s
  [ 1/24] brewery-diamond      r1 neutral  addonly_meta  n=4  2.863s
  [ 1/24] brewery-diamond      r1 neutral  addonly_flag  n=4  2.794s
  [ 2/24] brewery-diamond      r3 restated addonly       n=4  2.858s
  [ 2/24] brewery-diamond      r3 restated addonly_merged n=4  2.833s
  [ 2/24] brewery-diamond      r3 restated addonly_meta  n=4  2.85s
  [ 2/24] brewery-diamond      r3 restated addonly_flag  n=4  2.846s
  [ 2/24] brewery-diamond      r3 neutral  addonly       n=4  2.854s
  [ 2/24] brewery-diamond      r3 neutral  addonly_merged n=4  2.866s
  [ 2/24] brewery-diamond      r3 neutral  addonly_meta  n=4  2.905s
  [ 2/24] brewery-diamond      r3 neutral  addonly_flag  n=4  2.816s
  [ 3/24] brewery-twochain     r0 restated addonly       n=4  2.911s
  [ 3/24] brewery-twochain     r0 restated addonly_merged n=4  2.86s
  [ 3/24] brewery-twochain     r0 restated addonly_meta  n=4  2.852s
  [ 3/24] brewery-twochain     r0 restated addonly_flag  n=4  2.862s
  [ 3/24] brewery-twochain     r0 neutral  addonly       n=4  2.802s
  [ 3/24] brewery-twochain     r0 neutral  addonly_merged n=4  2.836s
  [ 3/24] brewery-twochain     r0 neutral  addonly_meta  n=4  2.881s
  [ 3/24] brewery-twochain     r0 neutral  addonly_flag  n=4  2.84s
  [ 4/24] brewery-twochain     r1 restated addonly       n=4  2.8s
  [ 4/24] brewery-twochain     r1 restated addonly_merged n=4  2.814s
  [ 4/24] brewery-twochain     r1 restated addonly_meta  n=4  2.852s
  [ 4/24] brewery-twochain     r1 restated addonly_flag  n=4  2.821s
  [ 4/24] brewery-twochain     r1 neutral  addonly       n=4  2.835s
  [ 4/24] brewery-twochain     r1 neutral  addonly_merged n=4  2.833s
  [ 4/24] brewery-twochain     r1 neutral  addonly_meta  n=4  2.84s
  [ 4/24] brewery-twochain     r1 neutral  addonly_flag  n=4  2.82s
  [ 5/24] brewery-twochain     r3 restated addonly       n=4  2.85s
  [ 5/24] brewery-twochain     r3 restated addonly_merged n=4  2.898s
  [ 5/24] brewery-twochain     r3 restated addonly_meta  n=4  2.961s
  [ 5/24] brewery-twochain     r3 restated addonly_flag  n=4  2.786s
  [ 5/24] brewery-twochain     r3 neutral  addonly       n=4  2.835s
  [ 5/24] brewery-twochain     r3 neutral  addonly_merged n=4  2.835s
  [ 5/24] brewery-twochain     r3 neutral  addonly_meta  n=4  2.88s
  [ 5/24] brewery-twochain     r3 neutral  addonly_flag  n=4  2.851s
  [ 6/24] brewery-star         r0 restated addonly       n=4  2.896s
  [ 6/24] brewery-star         r0 restated addonly_merged n=4  2.811s
  [ 6/24] brewery-star         r0 restated addonly_meta  n=4  2.847s
  [ 6/24] brewery-star         r0 restated addonly_flag  n=4  2.906s
  [ 6/24] brewery-star         r0 neutral  addonly       n=4  2.891s
  [ 6/24] brewery-star         r0 neutral  addonly_merged n=4  2.901s
  [ 6/24] brewery-star         r0 neutral  addonly_meta  n=4  2.881s
  [ 6/24] brewery-star         r0 neutral  addonly_flag  n=4  2.837s
  [ 7/24] brewery-star         r1 restated addonly       n=4  2.9s
  [ 7/24] brewery-star         r1 restated addonly_merged n=4  2.908s
  [ 7/24] brewery-star         r1 restated addonly_meta  n=4  2.865s
  [ 7/24] brewery-star         r1 restated addonly_flag  n=4  2.813s
  [ 7/24] brewery-star         r1 neutral  addonly       n=4  2.928s
  [ 7/24] brewery-star         r1 neutral  addonly_merged n=4  2.887s
  [ 7/24] brewery-star         r1 neutral  addonly_meta  n=4  2.836s
  [ 7/24] brewery-star         r1 neutral  addonly_flag  n=4  2.865s
  [ 8/24] brewery-star         r3 restated addonly       n=4  2.856s
  [ 8/24] brewery-star         r3 restated addonly_merged n=4  2.856s
  [ 8/24] brewery-star         r3 restated addonly_meta  n=4  2.838s
  [ 8/24] brewery-star         r3 restated addonly_flag  n=4  2.802s
  [ 8/24] brewery-star         r3 neutral  addonly       n=4  2.835s
  [ 8/24] brewery-star         r3 neutral  addonly_merged n=4  2.79s
  [ 8/24] brewery-star         r3 neutral  addonly_meta  n=4  2.858s
  [ 8/24] brewery-star         r3 neutral  addonly_flag  n=4  2.817s
  [ 9/24] rail-chain           r0 restated addonly       n=4  2.754s
  [ 9/24] rail-chain           r0 restated addonly_merged n=4  2.657s
  [ 9/24] rail-chain           r0 restated addonly_meta  n=4  2.709s
  [ 9/24] rail-chain           r0 restated addonly_flag  n=4  2.676s
  [ 9/24] rail-chain           r0 neutral  addonly       n=4  2.742s
  [ 9/24] rail-chain           r0 neutral  addonly_merged n=4  2.732s
  [ 9/24] rail-chain           r0 neutral  addonly_meta  n=4  2.736s
  [ 9/24] rail-chain           r0 neutral  addonly_flag  n=4  2.722s
  [10/24] rail-chain           r1 restated addonly       n=4  2.723s
  [10/24] rail-chain           r1 restated addonly_merged n=4  2.73s
  [10/24] rail-chain           r1 restated addonly_meta  n=4  2.728s
  [10/24] rail-chain           r1 restated addonly_flag  n=4  2.75s
  [10/24] rail-chain           r1 neutral  addonly       n=4  2.722s
  [10/24] rail-chain           r1 neutral  addonly_merged n=4  2.727s
  [10/24] rail-chain           r1 neutral  addonly_meta  n=4  2.734s
  [10/24] rail-chain           r1 neutral  addonly_flag  n=4  2.747s
  [11/24] rail-fork            r0 restated addonly       n=4  2.75s
  [11/24] rail-fork            r0 restated addonly_merged n=4  2.756s
  [11/24] rail-fork            r0 restated addonly_meta  n=4  2.783s
  [11/24] rail-fork            r0 restated addonly_flag  n=4  2.757s
  [11/24] rail-fork            r0 neutral  addonly       n=4  2.751s
  [11/24] rail-fork            r0 neutral  addonly_merged n=4  2.722s
  [11/24] rail-fork            r0 neutral  addonly_meta  n=4  2.762s
  [11/24] rail-fork            r0 neutral  addonly_flag  n=4  2.761s
  [12/24] rail-fork            r1 restated addonly       n=4  2.755s
  [12/24] rail-fork            r1 restated addonly_merged n=4  2.738s
  [12/24] rail-fork            r1 restated addonly_meta  n=4  2.743s
  [12/24] rail-fork            r1 restated addonly_flag  n=4  2.755s
  [12/24] rail-fork            r1 neutral  addonly       n=4  2.713s
  [12/24] rail-fork            r1 neutral  addonly_merged n=4  2.752s
  [12/24] rail-fork            r1 neutral  addonly_meta  n=4  2.719s
  [12/24] rail-fork            r1 neutral  addonly_flag  n=4  2.727s
  [13/24] rail-join            r0 restated addonly       n=4  2.773s
  [13/24] rail-join            r0 restated addonly_merged n=4  2.778s
  [13/24] rail-join            r0 restated addonly_meta  n=4  2.723s
  [13/24] rail-join            r0 restated addonly_flag  n=4  2.735s
  [13/24] rail-join            r0 neutral  addonly       n=4  2.733s
  [13/24] rail-join            r0 neutral  addonly_merged n=4  2.716s
  [13/24] rail-join            r0 neutral  addonly_meta  n=4  2.711s
  [13/24] rail-join            r0 neutral  addonly_flag  n=4  2.771s
  [14/24] rail-join            r1 restated addonly       n=4  2.716s
  [14/24] rail-join            r1 restated addonly_merged n=4  2.746s
  [14/24] rail-join            r1 restated addonly_meta  n=4  2.736s
  [14/24] rail-join            r1 restated addonly_flag  n=4  2.794s
  [14/24] rail-join            r1 neutral  addonly       n=4  2.706s
  [14/24] rail-join            r1 neutral  addonly_merged n=4  2.702s
  [14/24] rail-join            r1 neutral  addonly_meta  n=4  2.71s
  [14/24] rail-join            r1 neutral  addonly_flag  n=4  2.715s
  [15/24] rail-join            r3 restated addonly       n=4  2.727s
  [15/24] rail-join            r3 restated addonly_merged n=4  2.721s
  [15/24] rail-join            r3 restated addonly_meta  n=4  2.824s
  [15/24] rail-join            r3 restated addonly_flag  n=4  2.743s
  [15/24] rail-join            r3 neutral  addonly       n=4  2.728s
  [15/24] rail-join            r3 neutral  addonly_merged n=4  2.777s
  [15/24] rail-join            r3 neutral  addonly_meta  n=4  2.804s
  [15/24] rail-join            r3 neutral  addonly_flag  n=4  2.803s
  [16/24] rail-diamond         r0 restated addonly       n=4  2.802s
  [16/24] rail-diamond         r0 restated addonly_merged n=4  2.803s
  [16/24] rail-diamond         r0 restated addonly_meta  n=4  2.761s
  [16/24] rail-diamond         r0 restated addonly_flag  n=4  2.725s
  [16/24] rail-diamond         r0 neutral  addonly       n=4  2.72s
  [16/24] rail-diamond         r0 neutral  addonly_merged n=4  2.733s
  [16/24] rail-diamond         r0 neutral  addonly_meta  n=4  2.712s
  [16/24] rail-diamond         r0 neutral  addonly_flag  n=4  2.714s
  [17/24] rail-diamond         r1 restated addonly       n=4  2.772s
  [17/24] rail-diamond         r1 restated addonly_merged n=4  2.906s
  [17/24] rail-diamond         r1 restated addonly_meta  n=4  2.721s
  [17/24] rail-diamond         r1 restated addonly_flag  n=4  2.671s
  [17/24] rail-diamond         r1 neutral  addonly       n=4  2.733s
  [17/24] rail-diamond         r1 neutral  addonly_merged n=4  2.713s
  [17/24] rail-diamond         r1 neutral  addonly_meta  n=4  2.758s
  [17/24] rail-diamond         r1 neutral  addonly_flag  n=4  2.69s
  [18/24] rail-diamond         r3 restated addonly       n=4  2.716s
  [18/24] rail-diamond         r3 restated addonly_merged n=4  2.713s
  [18/24] rail-diamond         r3 restated addonly_meta  n=4  2.708s
  [18/24] rail-diamond         r3 restated addonly_flag  n=4  2.7s
  [18/24] rail-diamond         r3 neutral  addonly       n=4  2.697s
  [18/24] rail-diamond         r3 neutral  addonly_merged n=4  2.773s
  [18/24] rail-diamond         r3 neutral  addonly_meta  n=4  2.726s
  [18/24] rail-diamond         r3 neutral  addonly_flag  n=4  2.714s
  [19/24] rail-twochain        r0 restated addonly       n=4  2.811s
  [19/24] rail-twochain        r0 restated addonly_merged n=4  2.754s
  [19/24] rail-twochain        r0 restated addonly_meta  n=4  2.767s
  [19/24] rail-twochain        r0 restated addonly_flag  n=4  2.696s
  [19/24] rail-twochain        r0 neutral  addonly       n=4  2.832s
  [19/24] rail-twochain        r0 neutral  addonly_merged n=4  2.745s
  [19/24] rail-twochain        r0 neutral  addonly_meta  n=4  2.785s
  [19/24] rail-twochain        r0 neutral  addonly_flag  n=4  2.796s
  [20/24] rail-twochain        r1 restated addonly       n=4  2.71s
  [20/24] rail-twochain        r1 restated addonly_merged n=4  2.737s
  [20/24] rail-twochain        r1 restated addonly_meta  n=4  2.76s
  [20/24] rail-twochain        r1 restated addonly_flag  n=4  2.772s
  [20/24] rail-twochain        r1 neutral  addonly       n=4  2.762s
  [20/24] rail-twochain        r1 neutral  addonly_merged n=4  2.713s
  [20/24] rail-twochain        r1 neutral  addonly_meta  n=4  2.751s
  [20/24] rail-twochain        r1 neutral  addonly_flag  n=4  2.743s
  [21/24] rail-twochain        r3 restated addonly       n=4  2.829s
  [21/24] rail-twochain        r3 restated addonly_merged n=4  2.769s
  [21/24] rail-twochain        r3 restated addonly_meta  n=4  2.774s
  [21/24] rail-twochain        r3 restated addonly_flag  n=4  2.836s
  [21/24] rail-twochain        r3 neutral  addonly       n=4  2.712s
  [21/24] rail-twochain        r3 neutral  addonly_merged n=4  2.793s
  [21/24] rail-twochain        r3 neutral  addonly_meta  n=4  2.736s
  [21/24] rail-twochain        r3 neutral  addonly_flag  n=4  2.729s
  [22/24] rail-star            r0 restated addonly       n=4  2.752s
  [22/24] rail-star            r0 restated addonly_merged n=4  2.717s
  [22/24] rail-star            r0 restated addonly_meta  n=4  2.725s
  [22/24] rail-star            r0 restated addonly_flag  n=4  2.731s
  [22/24] rail-star            r0 neutral  addonly       n=4  2.839s
  [22/24] rail-star            r0 neutral  addonly_merged n=4  2.887s
  [22/24] rail-star            r0 neutral  addonly_meta  n=4  2.808s
  [22/24] rail-star            r0 neutral  addonly_flag  n=4  2.866s
  [23/24] rail-star            r1 restated addonly       n=4  2.856s
  [23/24] rail-star            r1 restated addonly_merged n=4  2.816s
  [23/24] rail-star            r1 restated addonly_meta  n=4  2.845s
  [23/24] rail-star            r1 restated addonly_flag  n=4  2.751s
  [23/24] rail-star            r1 neutral  addonly       n=4  2.837s
  [23/24] rail-star            r1 neutral  addonly_merged n=4  2.835s
  [23/24] rail-star            r1 neutral  addonly_meta  n=4  2.807s
  [23/24] rail-star            r1 neutral  addonly_flag  n=4  2.793s
  [24/24] rail-star            r3 restated addonly       n=4  2.805s
  [24/24] rail-star            r3 restated addonly_merged n=4  2.787s
  [24/24] rail-star            r3 restated addonly_meta  n=4  2.742s
  [24/24] rail-star            r3 restated addonly_flag  n=4  2.77s
  [24/24] rail-star            r3 neutral  addonly       n=4  2.816s
  [24/24] rail-star            r3 neutral  addonly_merged n=4  2.796s
  [24/24] rail-star            r3 neutral  addonly_meta  n=4  2.738s
  [24/24] rail-star            r3 neutral  addonly_flag  n=4  2.737s

  wrote results/e29s_qwen25-14b-instruct_r3.csv / .json
  design          arm       n   rejected_included  never_included  mean_plan
  addonly         restated  24  0.042              0.643           4        
  addonly         neutral   24  0.083              0.643           4        
  addonly_merged  restated  24  0.042              0.714           4        
  addonly_merged  neutral   24  0.083              0.714           4        
  addonly_meta    restated  24  0                  0.786           4        
  addonly_meta    neutral   24  0                  0.714           4        
  addonly_flag    restated  24  0.458              0.571           4        
  addonly_flag    neutral   24  0.292              0.714           4        

  parse 1.000   mean |plan| 4.00
